species,gene,position,reference,mutation,fungicide
Nakaseomyces_glabratus,Cdc55_Q6FL50,155,P,S,Caspofungin
Nakaseomyces_glabratus,Cdc6_Q6FNE4,171,K,E,Caspofungin
Nakaseomyces_glabratus,Cdr1_Q6FK23,58,H,Y,Various
Nakaseomyces_glabratus,Dot6_Q6FY83,347,K,X,Caspofungin
Nakaseomyces_glabratus,Erg11_P50859,141,Y,H,Amphotericin B
Nakaseomyces_glabratus,Erg11_P50859,141,Y,H,CWHM-974
Nakaseomyces_glabratus,Erg11_P50859,141,Y,H,Caspofungin
Nakaseomyces_glabratus,Erg11_P50859,141,Y,H,Fluconazole
Nakaseomyces_glabratus,Erg11_P50859,141,Y,H,Fluphenazine
Nakaseomyces_glabratus,Erg11_P50859,152,K,E,Fluconazole
Nakaseomyces_glabratus,Erg11_P50859,410,S,F,Amphotericin B
Nakaseomyces_glabratus,Erg11_P50859,410,S,F,CWHM-974
Nakaseomyces_glabratus,Erg11_P50859,410,S,F,Caspofungin
Nakaseomyces_glabratus,Erg11_P50859,410,S,F,Fluconazole
Nakaseomyces_glabratus,Erg11_P50859,410,S,F,Fluphenazine
Nakaseomyces_glabratus,Erg2_Q6FKL1,207,I,V,Various
Nakaseomyces_glabratus,Erg3_P50860,226,F,fs,Caspofungin
Nakaseomyces_glabratus,Erg3_P50860,226,F,fs,Fluconazole
Nakaseomyces_glabratus,Erg3_P50860,226,F,fs,Micafungin
Nakaseomyces_glabratus,Erg3_P50860,226,F,fs,Posaconazole
Nakaseomyces_glabratus,Erg3_P50860,226,F,fs,Voriconazole
Nakaseomyces_glabratus,Erg3_P50860,236,G,D,Anidulafungin
Nakaseomyces_glabratus,Erg3_P50860,236,G,D,Caspofungin
Nakaseomyces_glabratus,Erg3_P50860,236,G,D,Fluconazole
Nakaseomyces_glabratus,Erg3_P50860,236,G,D,Itraconazole
Nakaseomyces_glabratus,Erg3_P50860,236,G,D,Micafungin
Nakaseomyces_glabratus,Erg3_P50860,236,G,D,Posaconazole
Nakaseomyces_glabratus,Erg3_P50860,236,G,D,Voriconazole
Nakaseomyces_glabratus,Erg3_P50860,98,W,X,Caspofungin
Nakaseomyces_glabratus,Erg3_P50860,98,W,X,Fluconazole
Nakaseomyces_glabratus,Erg3_P50860,98,W,X,Micafungin
Nakaseomyces_glabratus,Erg3_P50860,98,W,X,Posaconazole
Nakaseomyces_glabratus,Erg3_P50860,98,W,X,Voriconazole
Nakaseomyces_glabratus,Erg4_Q6FXU8,13,T,N,Various
Nakaseomyces_glabratus,Erg4_Q6FXU8,227,P,fs,Anidulafungin
Nakaseomyces_glabratus,Erg4_Q6FXU8,227,P,fs,Caspofungin
Nakaseomyces_glabratus,Erg4_Q6FXU8,227,P,fs,Fluconazole
Nakaseomyces_glabratus,Erg4_Q6FXU8,227,P,fs,Itraconazole
Nakaseomyces_glabratus,Erg4_Q6FXU8,227,P,fs,Micafungin
Nakaseomyces_glabratus,Erg4_Q6FXU8,227,P,fs,Posaconazole
Nakaseomyces_glabratus,Erg4_Q6FXU8,227,P,fs,Voriconazole
Nakaseomyces_glabratus,Erg6_Q6FRZ7,158,A,fs,Amphotericin B
Nakaseomyces_glabratus,Erg6_Q6FRZ7,158,A,fs,Micafungin
Nakaseomyces_glabratus,Erg6_Q6FRZ7,158,A,fs,Voriconazole
Nakaseomyces_glabratus,Erg6_Q6FRZ7,198,C,F,Amphotericin B
Nakaseomyces_glabratus,Erg6_Q6FRZ7,314,R,K,Amphotericin B
Nakaseomyces_glabratus,Erg6_Q6FRZ7,314,R,K,Anidulafungin
Nakaseomyces_glabratus,Erg6_Q6FRZ7,314,R,K,Caspofungin
Nakaseomyces_glabratus,Erg6_Q6FRZ7,314,R,K,Micafungin
Nakaseomyces_glabratus,Erg6_Q6FRZ7,48,R,K,Various
Nakaseomyces_glabratus,Erg7_Q6FNL2,732,T,A,Various
Nakaseomyces_glabratus,Erg8_Q6FUF0,448,N,S,Various
Nakaseomyces_glabratus,Fcy1_Q6FWB1,11,G,D,5-fluorocytosine
Nakaseomyces_glabratus,Fcy1_Q6FWB1,149,W,R,5-fluorocytosine
Nakaseomyces_glabratus,Fcy1_Q6FWB1,15,A,D,5-fluorocytosine
Nakaseomyces_glabratus,Fcy1_Q6FWB1,17,E,X,5-fluorocytosine
Nakaseomyces_glabratus,Fcy1_Q6FWB1,59,H,D,5-fluorocytosine
Nakaseomyces_glabratus,Fcy1_Q6FWB1,84,T,L,5-fluorocytosine
Nakaseomyces_glabratus,Fcy1_Q6FWB1,92,T,del,5-fluorocytosine
Nakaseomyces_glabratus,Fcy2J_Q6FPL2,384,I,F,5-fluorocytosine
Nakaseomyces_glabratus,Fcy2L_Q6FLU1,291,W,X,5-fluorocytosine
Nakaseomyces_glabratus,Fcy2L_Q6FLU1,342,E,X,5-fluorocytosine
Nakaseomyces_glabratus,Fcy2L_Q6FLU1,396,Q,X,5-fluorocytosine
Nakaseomyces_glabratus,Fcy2_Q6FPL2,246,G,S,5-fluorocytosine
Nakaseomyces_glabratus,Fen1_Q6FKW2,155,M,T,Various
Nakaseomyces_glabratus,Fks1 or Fks2_UNKNOWN,629,S,P,Anidulafungin
Nakaseomyces_glabratus,Fks1 or Fks2_UNKNOWN,629,S,P,Caspofungin
Nakaseomyces_glabratus,Fks1 or Fks2_UNKNOWN,629,S,P,Fluconazole
Nakaseomyces_glabratus,Fks1 or Fks2_UNKNOWN,629,S,P,Micafungin
Nakaseomyces_glabratus,"Fks1,Fks2_Q6FMZ3",1371,P,S,Anidulafungin
Nakaseomyces_glabratus,"Fks1,Fks2_Q6FMZ3",1374,D,N,Anidulafungin
Nakaseomyces_glabratus,"Fks1,Fks2_Q6FMZ3",1423,E,Q,Anidulafungin
Nakaseomyces_glabratus,"Fks1,Fks2_Q6FMZ3",625,F,L,Anidulafungin
Nakaseomyces_glabratus,"Fks1,Fks2_Q6FMZ3",632,D,G,Anidulafungin
Nakaseomyces_glabratus,"Fks1,Fks2_Q6FMZ3",651,A,T,Anidulafungin
Nakaseomyces_glabratus,"Fks1,Fks2_Q6FMZ3",659,F,L,Anidulafungin
Nakaseomyces_glabratus,"Fks1,Fks2_Q6FMZ3",660,L,S,Anidulafungin
Nakaseomyces_glabratus,"Fks1,Fks2_Q6FMZ3",666,D,Y,Anidulafungin
Nakaseomyces_glabratus,"Fks1,Fks2_Q6FMZ3",667,P,T,Anidulafungin
Nakaseomyces_glabratus,"Fks1,Fks2_Q6FMZ3",707,L,Q,Anidulafungin
Nakaseomyces_glabratus,"Fks1,Fks2_Q6FMZ3",714,L,F,Anidulafungin
Nakaseomyces_glabratus,"Fks1,Fks2_Q6FMZ3",717,I,N,Anidulafungin
Nakaseomyces_glabratus,"Fks1,Fks2_Q6FMZ3",785,H,N,Anidulafungin
Nakaseomyces_glabratus,"Fks1,Fks2_Q6FTN8",1371,P,S,Anidulafungin
Nakaseomyces_glabratus,"Fks1,Fks2_Q6FTN8",1374,D,N,Anidulafungin
Nakaseomyces_glabratus,"Fks1,Fks2_Q6FTN8",1423,E,Q,Anidulafungin
Nakaseomyces_glabratus,"Fks1,Fks2_Q6FTN8",625,F,L,Anidulafungin
Nakaseomyces_glabratus,"Fks1,Fks2_Q6FTN8",632,D,G,Anidulafungin
Nakaseomyces_glabratus,"Fks1,Fks2_Q6FTN8",651,A,T,Anidulafungin
Nakaseomyces_glabratus,"Fks1,Fks2_Q6FTN8",659,F,L,Anidulafungin
Nakaseomyces_glabratus,"Fks1,Fks2_Q6FTN8",660,L,S,Anidulafungin
Nakaseomyces_glabratus,"Fks1,Fks2_Q6FTN8",666,D,Y,Anidulafungin
Nakaseomyces_glabratus,"Fks1,Fks2_Q6FTN8",667,P,T,Anidulafungin
Nakaseomyces_glabratus,"Fks1,Fks2_Q6FTN8",707,L,Q,Anidulafungin
Nakaseomyces_glabratus,"Fks1,Fks2_Q6FTN8",714,L,F,Anidulafungin
Nakaseomyces_glabratus,"Fks1,Fks2_Q6FTN8",717,I,N,Anidulafungin
Nakaseomyces_glabratus,"Fks1,Fks2_Q6FTN8",785,H,N,Anidulafungin
Nakaseomyces_glabratus,Fks1_Q6FTN8,1323,K,E,Anidulafungin
Nakaseomyces_glabratus,Fks1_Q6FTN8,1323,K,E,Caspofungin
Nakaseomyces_glabratus,Fks1_Q6FTN8,1323,K,E,Fluconazole
Nakaseomyces_glabratus,Fks1_Q6FTN8,1323,K,E,Isavuconazole
Nakaseomyces_glabratus,Fks1_Q6FTN8,1323,K,E,Itraconazole
Nakaseomyces_glabratus,Fks1_Q6FTN8,1323,K,E,Micafungin
Nakaseomyces_glabratus,Fks1_Q6FTN8,1323,K,E,Posaconazole
Nakaseomyces_glabratus,Fks1_Q6FTN8,1323,K,E,Voriconazole
Nakaseomyces_glabratus,Fks1_Q6FTN8,140,D,T,Anidulafungin
Nakaseomyces_glabratus,Fks1_Q6FTN8,140,D,T,Caspofungin
Nakaseomyces_glabratus,Fks1_Q6FTN8,140,D,T,Fluconazole
Nakaseomyces_glabratus,Fks1_Q6FTN8,140,D,T,Micafungin
Nakaseomyces_glabratus,Fks1_Q6FTN8,1749,A,V,Anidulafungin
Nakaseomyces_glabratus,Fks1_Q6FTN8,1749,A,V,Caspofungin
Nakaseomyces_glabratus,Fks1_Q6FTN8,1749,A,V,Fluconazole
Nakaseomyces_glabratus,Fks1_Q6FTN8,1749,A,V,Micafungin
Nakaseomyces_glabratus,Fks1_Q6FTN8,195,L,F,Anidulafungin
Nakaseomyces_glabratus,Fks1_Q6FTN8,195,L,F,Caspofungin
Nakaseomyces_glabratus,Fks1_Q6FTN8,195,L,F,Fluconazole
Nakaseomyces_glabratus,Fks1_Q6FTN8,195,L,F,Micafungin
Nakaseomyces_glabratus,Fks1_Q6FTN8,499,C,fs,Anidulafungin
Nakaseomyces_glabratus,Fks1_Q6FTN8,499,C,fs,Caspofungin
Nakaseomyces_glabratus,Fks1_Q6FTN8,499,C,fs,Micafungin
Nakaseomyces_glabratus,Fks1_Q6FTN8,617,A,V,Anidulafungin
Nakaseomyces_glabratus,Fks1_Q6FTN8,625,F,I,Anidulafungin
Nakaseomyces_glabratus,Fks1_Q6FTN8,625,F,L,Scy-078
Nakaseomyces_glabratus,Fks1_Q6FTN8,625,F,S,Amphotericin B
Nakaseomyces_glabratus,Fks1_Q6FTN8,625,F,S,Anidulafungin
Nakaseomyces_glabratus,Fks1_Q6FTN8,625,F,S,Caspofungin
Nakaseomyces_glabratus,Fks1_Q6FTN8,625,F,S,Echinocandin
Nakaseomyces_glabratus,Fks1_Q6FTN8,625,F,S,Fluconazole
Nakaseomyces_glabratus,Fks1_Q6FTN8,625,F,S,Micafungin
Nakaseomyces_glabratus,Fks1_Q6FTN8,625,F,S,Voriconazole
Nakaseomyces_glabratus,Fks1_Q6FTN8,625,F,Y,Anidulafungin
Nakaseomyces_glabratus,Fks1_Q6FTN8,625,F,Y,Caspofungin
Nakaseomyces_glabratus,Fks1_Q6FTN8,625,F,Y,Fluconazole
Nakaseomyces_glabratus,Fks1_Q6FTN8,625,F,Y,Micafungin
Nakaseomyces_glabratus,Fks1_Q6FTN8,625,F,del,Scy-078
Nakaseomyces_glabratus,Fks1_Q6FTN8,628,L,I,Anidulafungin
Nakaseomyces_glabratus,Fks1_Q6FTN8,629,S,F,Anidulafungin
Nakaseomyces_glabratus,Fks1_Q6FTN8,629,S,P,Anidulafungin
Nakaseomyces_glabratus,Fks1_Q6FTN8,629,S,P,Caspofungin
Nakaseomyces_glabratus,Fks1_Q6FTN8,629,S,P,Echinocandin
Nakaseomyces_glabratus,Fks1_Q6FTN8,629,S,P,Fluconazole
Nakaseomyces_glabratus,Fks1_Q6FTN8,629,S,P,Micafungin
Nakaseomyces_glabratus,Fks1_Q6FTN8,629,S,Y,Anidulafungin
Nakaseomyces_glabratus,Fks1_Q6FTN8,630,L,I,Anidulafungin
Nakaseomyces_glabratus,Fks1_Q6FTN8,630,L,I,Caspofungin
Nakaseomyces_glabratus,Fks1_Q6FTN8,630,L,I,Fluconazole
Nakaseomyces_glabratus,Fks1_Q6FTN8,630,L,I,Micafungin
Nakaseomyces_glabratus,Fks1_Q6FTN8,631,R,G,Anidulafungin
Nakaseomyces_glabratus,Fks1_Q6FTN8,631,R,G,Caspofungin
Nakaseomyces_glabratus,Fks1_Q6FTN8,631,R,G,Echinocandin
Nakaseomyces_glabratus,Fks1_Q6FTN8,631,R,G,Fluconazole
Nakaseomyces_glabratus,Fks1_Q6FTN8,631,R,G,Micafungin
Nakaseomyces_glabratus,Fks1_Q6FTN8,631,R,S,Anidulafungin
Nakaseomyces_glabratus,Fks1_Q6FTN8,631,R,S,Caspofungin
Nakaseomyces_glabratus,Fks1_Q6FTN8,631,R,S,Fluconazole
Nakaseomyces_glabratus,Fks1_Q6FTN8,631,R,S,Micafungin
Nakaseomyces_glabratus,Fks1_Q6FTN8,632,D,E,Anidulafungin
Nakaseomyces_glabratus,Fks1_Q6FTN8,632,D,E,Caspofungin
Nakaseomyces_glabratus,Fks1_Q6FTN8,632,D,E,Echinocandin
Nakaseomyces_glabratus,Fks1_Q6FTN8,632,D,E,Fluconazole
Nakaseomyces_glabratus,Fks1_Q6FTN8,632,D,E,Micafungin
Nakaseomyces_glabratus,Fks1_Q6FTN8,632,D,G,Anidulafungin
Nakaseomyces_glabratus,Fks1_Q6FTN8,632,D,G,Caspofungin
Nakaseomyces_glabratus,Fks1_Q6FTN8,632,D,G,Micafungin
Nakaseomyces_glabratus,Fks1_Q6FTN8,632,D,H,Amphotericin B
Nakaseomyces_glabratus,Fks1_Q6FTN8,632,D,H,Anidulafungin
Nakaseomyces_glabratus,Fks1_Q6FTN8,632,D,H,Caspofungin
Nakaseomyces_glabratus,Fks1_Q6FTN8,632,D,H,Fluconazole
Nakaseomyces_glabratus,Fks1_Q6FTN8,632,D,H,Micafungin
Nakaseomyces_glabratus,Fks1_Q6FTN8,632,D,N,Anidulafungin
Nakaseomyces_glabratus,Fks1_Q6FTN8,632,D,V,Anidulafungin
Nakaseomyces_glabratus,Fks1_Q6FTN8,632,D,V,Caspofungin
Nakaseomyces_glabratus,Fks1_Q6FTN8,632,D,V,Fluconazole
Nakaseomyces_glabratus,Fks1_Q6FTN8,632,D,V,Micafungin
Nakaseomyces_glabratus,Fks1_Q6FTN8,632,D,Y,Anidulafungin
Nakaseomyces_glabratus,Fks1_Q6FTN8,632,D,Y,Caspofungin
Nakaseomyces_glabratus,Fks1_Q6FTN8,632,D,Y,Fluconazole
Nakaseomyces_glabratus,Fks1_Q6FTN8,632,D,Y,Micafungin
Nakaseomyces_glabratus,Fks1_Q6FTN8,634,I,V,Anidulafungin
Nakaseomyces_glabratus,Fks1_Q6FTN8,634,I,V,Caspofungin
Nakaseomyces_glabratus,Fks1_Q6FTN8,634,I,V,Fluconazole
Nakaseomyces_glabratus,Fks1_Q6FTN8,634,I,V,Micafungin
Nakaseomyces_glabratus,Fks1_Q6FTN8,995,A,T,Anidulafungin
Nakaseomyces_glabratus,Fks1_Q6FTN8,995,A,T,Caspofungin
Nakaseomyces_glabratus,Fks1_Q6FTN8,995,A,T,Fluconazole
Nakaseomyces_glabratus,Fks1_Q6FTN8,995,A,T,Micafungin
Nakaseomyces_glabratus,"Fks2,Pdr1_Q6FMZ3",143,T,P,Amphotericin B
Nakaseomyces_glabratus,"Fks2,Pdr1_Q6FMZ3",143,T,P,Anidulafungin
Nakaseomyces_glabratus,"Fks2,Pdr1_Q6FMZ3",143,T,P,Fluconazole
Nakaseomyces_glabratus,"Fks2,Pdr1_Q6FMZ3",143,T,P,Itraconazole
Nakaseomyces_glabratus,"Fks2,Pdr1_Q6FMZ3",143,T,P,Micafungin
Nakaseomyces_glabratus,"Fks2,Pdr1_Q6FMZ3",143,T,P,Voriconazole
Nakaseomyces_glabratus,"Fks2,Pdr1_Q6FMZ3",663,S,A,Amphotericin B
Nakaseomyces_glabratus,"Fks2,Pdr1_Q6FMZ3",663,S,A,Anidulafungin
Nakaseomyces_glabratus,"Fks2,Pdr1_Q6FMZ3",663,S,A,Caspofungin
Nakaseomyces_glabratus,"Fks2,Pdr1_Q6FMZ3",663,S,A,Fluconazole
Nakaseomyces_glabratus,"Fks2,Pdr1_Q6FMZ3",663,S,A,Micafungin
Nakaseomyces_glabratus,"Fks2,Pdr1_Q6FMZ3",663,S,A,Voriconazole
Nakaseomyces_glabratus,"Fks2,Pdr1_Q6FMZ3",91,V,I,Amphotericin B
Nakaseomyces_glabratus,"Fks2,Pdr1_Q6FMZ3",91,V,I,Anidulafungin
Nakaseomyces_glabratus,"Fks2,Pdr1_Q6FMZ3",91,V,I,Fluconazole
Nakaseomyces_glabratus,"Fks2,Pdr1_Q6FMZ3",91,V,I,Itraconazole
Nakaseomyces_glabratus,"Fks2,Pdr1_Q6FMZ3",91,V,I,Micafungin
Nakaseomyces_glabratus,"Fks2,Pdr1_Q6FMZ3",91,V,I,Voriconazole
Nakaseomyces_glabratus,"Fks2,Pdr1_Q6FMZ3",98,L,S,Amphotericin B
Nakaseomyces_glabratus,"Fks2,Pdr1_Q6FMZ3",98,L,S,Anidulafungin
Nakaseomyces_glabratus,"Fks2,Pdr1_Q6FMZ3",98,L,S,Fluconazole
Nakaseomyces_glabratus,"Fks2,Pdr1_Q6FMZ3",98,L,S,Itraconazole
Nakaseomyces_glabratus,"Fks2,Pdr1_Q6FMZ3",98,L,S,Micafungin
Nakaseomyces_glabratus,"Fks2,Pdr1_Q6FMZ3",98,L,S,Voriconazole
Nakaseomyces_glabratus,"Fks2,Pdr1_Q6FXU7",143,T,P,Amphotericin B
Nakaseomyces_glabratus,"Fks2,Pdr1_Q6FXU7",143,T,P,Anidulafungin
Nakaseomyces_glabratus,"Fks2,Pdr1_Q6FXU7",143,T,P,Fluconazole
Nakaseomyces_glabratus,"Fks2,Pdr1_Q6FXU7",143,T,P,Itraconazole
Nakaseomyces_glabratus,"Fks2,Pdr1_Q6FXU7",143,T,P,Micafungin
Nakaseomyces_glabratus,"Fks2,Pdr1_Q6FXU7",143,T,P,Voriconazole
Nakaseomyces_glabratus,"Fks2,Pdr1_Q6FXU7",663,S,A,Amphotericin B
Nakaseomyces_glabratus,"Fks2,Pdr1_Q6FXU7",663,S,A,Anidulafungin
Nakaseomyces_glabratus,"Fks2,Pdr1_Q6FXU7",663,S,A,Caspofungin
Nakaseomyces_glabratus,"Fks2,Pdr1_Q6FXU7",663,S,A,Fluconazole
Nakaseomyces_glabratus,"Fks2,Pdr1_Q6FXU7",663,S,A,Micafungin
Nakaseomyces_glabratus,"Fks2,Pdr1_Q6FXU7",663,S,A,Voriconazole
Nakaseomyces_glabratus,"Fks2,Pdr1_Q6FXU7",91,V,I,Amphotericin B
Nakaseomyces_glabratus,"Fks2,Pdr1_Q6FXU7",91,V,I,Anidulafungin
Nakaseomyces_glabratus,"Fks2,Pdr1_Q6FXU7",91,V,I,Fluconazole
Nakaseomyces_glabratus,"Fks2,Pdr1_Q6FXU7",91,V,I,Itraconazole
Nakaseomyces_glabratus,"Fks2,Pdr1_Q6FXU7",91,V,I,Micafungin
Nakaseomyces_glabratus,"Fks2,Pdr1_Q6FXU7",91,V,I,Voriconazole
Nakaseomyces_glabratus,"Fks2,Pdr1_Q6FXU7",98,L,S,Amphotericin B
Nakaseomyces_glabratus,"Fks2,Pdr1_Q6FXU7",98,L,S,Anidulafungin
Nakaseomyces_glabratus,"Fks2,Pdr1_Q6FXU7",98,L,S,Fluconazole
Nakaseomyces_glabratus,"Fks2,Pdr1_Q6FXU7",98,L,S,Itraconazole
Nakaseomyces_glabratus,"Fks2,Pdr1_Q6FXU7",98,L,S,Micafungin
Nakaseomyces_glabratus,"Fks2,Pdr1_Q6FXU7",98,L,S,Voriconazole
Nakaseomyces_glabratus,Fks2_Q6FMZ3,1303,L,F,Anidulafungin
Nakaseomyces_glabratus,Fks2_Q6FMZ3,1303,L,F,Micafungin
Nakaseomyces_glabratus,Fks2_Q6FMZ3,1305,V,I,Anidulafungin
Nakaseomyces_glabratus,Fks2_Q6FMZ3,1305,V,I,Micafungin
Nakaseomyces_glabratus,Fks2_Q6FMZ3,1324,F,L,Anidulafungin
Nakaseomyces_glabratus,Fks2_Q6FMZ3,1343,A,G,Anidulafungin
Nakaseomyces_glabratus,Fks2_Q6FMZ3,1357,K,E,Micafungin
Nakaseomyces_glabratus,Fks2_Q6FMZ3,1357,K,E,Voriconazole
Nakaseomyces_glabratus,Fks2_Q6FMZ3,1371,P,S,Anidulafungin
Nakaseomyces_glabratus,Fks2_Q6FMZ3,1371,P,S,Caspofungin
Nakaseomyces_glabratus,Fks2_Q6FMZ3,1371,P,S,Fluconazole
Nakaseomyces_glabratus,Fks2_Q6FMZ3,1371,P,S,Micafungin
Nakaseomyces_glabratus,Fks2_Q6FMZ3,1375,W,L,Anidulafungin
Nakaseomyces_glabratus,Fks2_Q6FMZ3,1375,W,L,Caspofungin
Nakaseomyces_glabratus,Fks2_Q6FMZ3,1375,W,L,Micafungin
Nakaseomyces_glabratus,Fks2_Q6FMZ3,1375,W,R,Anidulafungin
Nakaseomyces_glabratus,Fks2_Q6FMZ3,1377,R,K,Anidulafungin
Nakaseomyces_glabratus,Fks2_Q6FMZ3,1377,R,K,Micafungin
Nakaseomyces_glabratus,Fks2_Q6FMZ3,1378,R,C,Anidulafungin
Nakaseomyces_glabratus,Fks2_Q6FMZ3,1378,R,H,Anidulafungin
Nakaseomyces_glabratus,Fks2_Q6FMZ3,1378,R,L,Anidulafungin
Nakaseomyces_glabratus,Fks2_Q6FMZ3,1378,R,S,Anidulafungin
Nakaseomyces_glabratus,Fks2_Q6FMZ3,1378,R,S,Caspofungin
Nakaseomyces_glabratus,Fks2_Q6FMZ3,1379,Y,N,Anidulafungin
Nakaseomyces_glabratus,Fks2_Q6FMZ3,1381,L,F,Anidulafungin
Nakaseomyces_glabratus,Fks2_Q6FMZ3,1381,L,S,Fluconazole
Nakaseomyces_glabratus,Fks2_Q6FMZ3,1390,A,D,Scy-078
Nakaseomyces_glabratus,Fks2_Q6FMZ3,1390,A,T,Anidulafungin
Nakaseomyces_glabratus,Fks2_Q6FMZ3,1428,Q,K,Anidulafungin
Nakaseomyces_glabratus,Fks2_Q6FMZ3,201,S,fs,Fluconazole
Nakaseomyces_glabratus,Fks2_Q6FMZ3,201,S,fs,Itraconazole
Nakaseomyces_glabratus,Fks2_Q6FMZ3,201,S,fs,Posaconazole
Nakaseomyces_glabratus,Fks2_Q6FMZ3,201,S,fs,Voriconazole
Nakaseomyces_glabratus,Fks2_Q6FMZ3,384,F,Y,Anidulafungin
Nakaseomyces_glabratus,Fks2_Q6FMZ3,384,F,Y,Caspofungin
Nakaseomyces_glabratus,Fks2_Q6FMZ3,384,F,Y,Fluconazole
Nakaseomyces_glabratus,Fks2_Q6FMZ3,384,F,Y,Micafungin
Nakaseomyces_glabratus,Fks2_Q6FMZ3,450,A,T,Anidulafungin
Nakaseomyces_glabratus,Fks2_Q6FMZ3,450,A,T,Caspofungin
Nakaseomyces_glabratus,Fks2_Q6FMZ3,450,A,T,Fluconazole
Nakaseomyces_glabratus,Fks2_Q6FMZ3,450,A,T,Micafungin
Nakaseomyces_glabratus,Fks2_Q6FMZ3,651,A,T,Anidulafungin
Nakaseomyces_glabratus,Fks2_Q6FMZ3,651,A,V,Anidulafungin
Nakaseomyces_glabratus,Fks2_Q6FMZ3,654,S,Y,Anidulafungin
Nakaseomyces_glabratus,Fks2_Q6FMZ3,655,E,A,Scy-078
Nakaseomyces_glabratus,Fks2_Q6FMZ3,657,Y,del,Anidulafungin
Nakaseomyces_glabratus,Fks2_Q6FMZ3,657,Y,del,Caspofungin
Nakaseomyces_glabratus,Fks2_Q6FMZ3,657,Y,del,Micafungin
Nakaseomyces_glabratus,Fks2_Q6FMZ3,658,F,Y,Anidulafungin
Nakaseomyces_glabratus,Fks2_Q6FMZ3,658,F,Y,Caspofungin
Nakaseomyces_glabratus,Fks2_Q6FMZ3,658,F,Y,Micafungin
Nakaseomyces_glabratus,Fks2_Q6FMZ3,658,F,del,Anidulafungin
Nakaseomyces_glabratus,Fks2_Q6FMZ3,658,F,del,Caspofungin
Nakaseomyces_glabratus,Fks2_Q6FMZ3,658,F,del,Echinocandin
Nakaseomyces_glabratus,Fks2_Q6FMZ3,658,F,del,Fluconazole
Nakaseomyces_glabratus,Fks2_Q6FMZ3,658,F,del,Micafungin
Nakaseomyces_glabratus,Fks2_Q6FMZ3,659,F,C,Anidulafungin
Nakaseomyces_glabratus,Fks2_Q6FMZ3,659,F,I,Anidulafungin
Nakaseomyces_glabratus,Fks2_Q6FMZ3,659,F,L,Anidulafungin
Nakaseomyces_glabratus,Fks2_Q6FMZ3,659,F,L,Caspofungin
Nakaseomyces_glabratus,Fks2_Q6FMZ3,659,F,L,Micafungin
Nakaseomyces_glabratus,Fks2_Q6FMZ3,659,F,L,Scy-078
Nakaseomyces_glabratus,Fks2_Q6FMZ3,659,F,S,Anidulafungin
Nakaseomyces_glabratus,Fks2_Q6FMZ3,659,F,S,Caspofungin
Nakaseomyces_glabratus,Fks2_Q6FMZ3,659,F,S,Fluconazole
Nakaseomyces_glabratus,Fks2_Q6FMZ3,659,F,S,Micafungin
Nakaseomyces_glabratus,Fks2_Q6FMZ3,659,F,S,Scy-078
Nakaseomyces_glabratus,Fks2_Q6FMZ3,659,F,V,Anidulafungin
Nakaseomyces_glabratus,Fks2_Q6FMZ3,659,F,V,Caspofungin
Nakaseomyces_glabratus,Fks2_Q6FMZ3,659,F,V,Echinocandin
Nakaseomyces_glabratus,Fks2_Q6FMZ3,659,F,V,Fluconazole
Nakaseomyces_glabratus,Fks2_Q6FMZ3,659,F,V,Micafungin
Nakaseomyces_glabratus,Fks2_Q6FMZ3,659,F,Y,Anidulafungin
Nakaseomyces_glabratus,Fks2_Q6FMZ3,659,F,Y,Caspofungin
Nakaseomyces_glabratus,Fks2_Q6FMZ3,659,F,Y,Echinocandin
Nakaseomyces_glabratus,Fks2_Q6FMZ3,659,F,Y,Fluconazole
Nakaseomyces_glabratus,Fks2_Q6FMZ3,659,F,Y,Micafungin
Nakaseomyces_glabratus,Fks2_Q6FMZ3,659,F,del,Anidulafungin
Nakaseomyces_glabratus,Fks2_Q6FMZ3,659,F,del,Caspofungin
Nakaseomyces_glabratus,Fks2_Q6FMZ3,659,F,del,Fluconazole
Nakaseomyces_glabratus,Fks2_Q6FMZ3,659,F,del,Itraconazole
Nakaseomyces_glabratus,Fks2_Q6FMZ3,659,F,del,Micafungin
Nakaseomyces_glabratus,Fks2_Q6FMZ3,659,F,del,Posaconazole
Nakaseomyces_glabratus,Fks2_Q6FMZ3,659,F,del,Scy-078
Nakaseomyces_glabratus,Fks2_Q6FMZ3,659,F,del,Voriconazole
Nakaseomyces_glabratus,Fks2_Q6FMZ3,661,I,T,Amphotericin B
Nakaseomyces_glabratus,Fks2_Q6FMZ3,661,I,T,Anidulafungin
Nakaseomyces_glabratus,Fks2_Q6FMZ3,661,I,T,Caspofungin
Nakaseomyces_glabratus,Fks2_Q6FMZ3,661,I,T,Fluconazole
Nakaseomyces_glabratus,Fks2_Q6FMZ3,661,I,T,Micafungin
Nakaseomyces_glabratus,Fks2_Q6FMZ3,662,L,F,Anidulafungin
Nakaseomyces_glabratus,Fks2_Q6FMZ3,662,L,W,Anidulafungin
Nakaseomyces_glabratus,Fks2_Q6FMZ3,662,L,W,Caspofungin
Nakaseomyces_glabratus,Fks2_Q6FMZ3,662,L,W,Fluconazole
Nakaseomyces_glabratus,Fks2_Q6FMZ3,662,L,W,Micafungin
Nakaseomyces_glabratus,Fks2_Q6FMZ3,663,S,F,Anidulafungin
Nakaseomyces_glabratus,Fks2_Q6FMZ3,663,S,F,Caspofungin
Nakaseomyces_glabratus,Fks2_Q6FMZ3,663,S,F,Echinocandin
Nakaseomyces_glabratus,Fks2_Q6FMZ3,663,S,F,Fluconazole
Nakaseomyces_glabratus,Fks2_Q6FMZ3,663,S,F,Micafungin
Nakaseomyces_glabratus,Fks2_Q6FMZ3,663,S,P,Anidulafungin
Nakaseomyces_glabratus,Fks2_Q6FMZ3,663,S,P,Caspofungin
Nakaseomyces_glabratus,Fks2_Q6FMZ3,663,S,P,Echinocandin
Nakaseomyces_glabratus,Fks2_Q6FMZ3,663,S,P,Fluconazole
Nakaseomyces_glabratus,Fks2_Q6FMZ3,663,S,P,Isavuconazole
Nakaseomyces_glabratus,Fks2_Q6FMZ3,663,S,P,Itraconazole
Nakaseomyces_glabratus,Fks2_Q6FMZ3,663,S,P,Micafungin
Nakaseomyces_glabratus,Fks2_Q6FMZ3,663,S,P,Posaconazole
Nakaseomyces_glabratus,Fks2_Q6FMZ3,663,S,P,Voriconazole
Nakaseomyces_glabratus,Fks2_Q6FMZ3,663,S,Y,Anidulafungin
Nakaseomyces_glabratus,Fks2_Q6FMZ3,663,S,Y,Caspofungin
Nakaseomyces_glabratus,Fks2_Q6FMZ3,663,S,Y,Fluconazole
Nakaseomyces_glabratus,Fks2_Q6FMZ3,663,S,Y,Micafungin
Nakaseomyces_glabratus,Fks2_Q6FMZ3,664,L,Q,Anidulafungin
Nakaseomyces_glabratus,Fks2_Q6FMZ3,664,L,R,Anidulafungin
Nakaseomyces_glabratus,Fks2_Q6FMZ3,664,L,R,Caspofungin
Nakaseomyces_glabratus,Fks2_Q6FMZ3,664,L,R,Fluconazole
Nakaseomyces_glabratus,Fks2_Q6FMZ3,664,L,R,Micafungin
Nakaseomyces_glabratus,Fks2_Q6FMZ3,664,L,V,Anidulafungin
Nakaseomyces_glabratus,Fks2_Q6FMZ3,664,L,V,Caspofungin
Nakaseomyces_glabratus,Fks2_Q6FMZ3,665,R,G,Anidulafungin
Nakaseomyces_glabratus,Fks2_Q6FMZ3,665,R,G,Caspofungin
Nakaseomyces_glabratus,Fks2_Q6FMZ3,665,R,G,Fluconazole
Nakaseomyces_glabratus,Fks2_Q6FMZ3,665,R,G,Micafungin
Nakaseomyces_glabratus,Fks2_Q6FMZ3,665,R,S,Anidulafungin
Nakaseomyces_glabratus,Fks2_Q6FMZ3,665,R,S,Caspofungin
Nakaseomyces_glabratus,Fks2_Q6FMZ3,665,R,S,Fluconazole
Nakaseomyces_glabratus,Fks2_Q6FMZ3,665,R,S,Micafungin
Nakaseomyces_glabratus,Fks2_Q6FMZ3,666,D,E,Anidulafungin
Nakaseomyces_glabratus,Fks2_Q6FMZ3,666,D,E,Caspofungin
Nakaseomyces_glabratus,Fks2_Q6FMZ3,666,D,E,Micafungin
Nakaseomyces_glabratus,Fks2_Q6FMZ3,666,D,G,Anidulafungin
Nakaseomyces_glabratus,Fks2_Q6FMZ3,666,D,G,Caspofungin
Nakaseomyces_glabratus,Fks2_Q6FMZ3,666,D,G,Fluconazole
Nakaseomyces_glabratus,Fks2_Q6FMZ3,666,D,G,Micafungin
Nakaseomyces_glabratus,Fks2_Q6FMZ3,666,D,H,Anidulafungin
Nakaseomyces_glabratus,Fks2_Q6FMZ3,666,D,H,Micafungin
Nakaseomyces_glabratus,Fks2_Q6FMZ3,666,D,N,Anidulafungin
Nakaseomyces_glabratus,Fks2_Q6FMZ3,666,D,V,Anidulafungin
Nakaseomyces_glabratus,Fks2_Q6FMZ3,666,D,V,Micafungin
Nakaseomyces_glabratus,Fks2_Q6FMZ3,666,D,Y,Anidulafungin
Nakaseomyces_glabratus,Fks2_Q6FMZ3,666,D,Y,Caspofungin
Nakaseomyces_glabratus,Fks2_Q6FMZ3,666,D,Y,Fluconazole
Nakaseomyces_glabratus,Fks2_Q6FMZ3,666,D,Y,Micafungin
Nakaseomyces_glabratus,Fks2_Q6FMZ3,667,P,F,Caspofungin
Nakaseomyces_glabratus,Fks2_Q6FMZ3,667,P,F,Micafungin
Nakaseomyces_glabratus,Fks2_Q6FMZ3,667,P,H,Anidulafungin
Nakaseomyces_glabratus,Fks2_Q6FMZ3,667,P,H,Caspofungin
Nakaseomyces_glabratus,Fks2_Q6FMZ3,667,P,H,Micafungin
Nakaseomyces_glabratus,Fks2_Q6FMZ3,667,P,T,Anidulafungin
Nakaseomyces_glabratus,Fks2_Q6FMZ3,667,P,T,Caspofungin
Nakaseomyces_glabratus,Fks2_Q6FMZ3,667,P,T,Echinocandin
Nakaseomyces_glabratus,Fks2_Q6FMZ3,667,P,T,Fluconazole
Nakaseomyces_glabratus,Fks2_Q6FMZ3,667,P,T,Micafungin
Nakaseomyces_glabratus,Fks2_Q6FMZ3,680,G,S,Anidulafungin
Nakaseomyces_glabratus,Fks2_Q6FMZ3,680,G,S,Caspofungin
Nakaseomyces_glabratus,Fks2_Q6FMZ3,680,G,S,Fluconazole
Nakaseomyces_glabratus,Fks2_Q6FMZ3,680,G,S,Micafungin
Nakaseomyces_glabratus,Fks2_Q6FMZ3,715,W,L,Anidulafungin
Nakaseomyces_glabratus,Fks2_Q6FMZ3,715,W,L,Micafungin
Nakaseomyces_glabratus,Fks2_Q6FMZ3,715,W,L,Scy-078
Nakaseomyces_glabratus,Fks2_Q6FMZ3,753,K,Q,Anidulafungin
Nakaseomyces_glabratus,Fks2_Q6FMZ3,753,K,Q,Caspofungin
Nakaseomyces_glabratus,Fks2_Q6FMZ3,753,K,Q,Micafungin
Nakaseomyces_glabratus,Fks2_Q6FMZ3,78,E,D,Anidulafungin
Nakaseomyces_glabratus,Fks2_Q6FMZ3,78,E,D,Caspofungin
Nakaseomyces_glabratus,Fks2_Q6FMZ3,78,E,D,Fluconazole
Nakaseomyces_glabratus,Fks2_Q6FMZ3,78,E,D,Micafungin
Nakaseomyces_glabratus,Fks2_Q6FMZ3,926,T,P,Anidulafungin
Nakaseomyces_glabratus,Fks2_Q6FMZ3,926,T,P,Caspofungin
Nakaseomyces_glabratus,Fks2_Q6FMZ3,926,T,P,Fluconazole
Nakaseomyces_glabratus,Fks2_Q6FMZ3,926,T,P,Micafungin
Nakaseomyces_glabratus,Fks3_Q6FIJ9,1472,R,Q,Various
Nakaseomyces_glabratus,Fks3_Q6FIJ9,1768,F,I,Various
Nakaseomyces_glabratus,Fks3_Q6FIJ9,206,K,E,Various
Nakaseomyces_glabratus,Fks3_Q6FIJ9,3,I,T,Various
Nakaseomyces_glabratus,Fks3_Q6FIJ9,42,A,G,Various
Nakaseomyces_glabratus,Fks3_Q6FIJ9,865,N,S,Various
Nakaseomyces_glabratus,Flr1_Q6FRT6,254,V,I,Various
Nakaseomyces_glabratus,Fur1_Q6FRF1,122,E,X,5-fluorocytosine
Nakaseomyces_glabratus,Fur1_Q6FRF1,136,L,R,5-fluorocytosine
Nakaseomyces_glabratus,Fur1_Q6FRF1,190,G,D,5-fluorocytosine
Nakaseomyces_glabratus,Fur1_Q6FRF1,210,G,D,5-fluorocytosine
Nakaseomyces_glabratus,Fur1_Q6FRF1,61,V,X,5-fluorocytosine
Nakaseomyces_glabratus,Fur1_Q6FRF1,71,G,V,5-fluorocytosine
Nakaseomyces_glabratus,Fur1_Q6FRF1,83,I,K,5-fluorocytosine
Nakaseomyces_glabratus,Gph1_Q6FUB0,409,H,Y,Caspofungin
Nakaseomyces_glabratus,Mohi_Q6FUC1,5,Y,H,Caspofungin
Nakaseomyces_glabratus,Mrpl11_Q6FNR2,161,Y,H,Caspofungin
Nakaseomyces_glabratus,"Msh2,Pdr1_Q6FQA9",208,P,S,Anidulafungin
Nakaseomyces_glabratus,"Msh2,Pdr1_Q6FQA9",208,P,S,Caspofungin
Nakaseomyces_glabratus,"Msh2,Pdr1_Q6FQA9",208,P,S,Fluconazole
Nakaseomyces_glabratus,"Msh2,Pdr1_Q6FQA9",208,P,S,Isavuconazole
Nakaseomyces_glabratus,"Msh2,Pdr1_Q6FQA9",208,P,S,Itraconazole
Nakaseomyces_glabratus,"Msh2,Pdr1_Q6FQA9",208,P,S,Micafungin
Nakaseomyces_glabratus,"Msh2,Pdr1_Q6FQA9",208,P,S,Posaconazole
Nakaseomyces_glabratus,"Msh2,Pdr1_Q6FQA9",208,P,S,Voriconazole
Nakaseomyces_glabratus,"Msh2,Pdr1_Q6FQA9",231,E,G,Anidulafungin
Nakaseomyces_glabratus,"Msh2,Pdr1_Q6FQA9",231,E,G,Caspofungin
Nakaseomyces_glabratus,"Msh2,Pdr1_Q6FQA9",231,E,G,Fluconazole
Nakaseomyces_glabratus,"Msh2,Pdr1_Q6FQA9",231,E,G,Isavuconazole
Nakaseomyces_glabratus,"Msh2,Pdr1_Q6FQA9",231,E,G,Itraconazole
Nakaseomyces_glabratus,"Msh2,Pdr1_Q6FQA9",231,E,G,Micafungin
Nakaseomyces_glabratus,"Msh2,Pdr1_Q6FQA9",231,E,G,Posaconazole
Nakaseomyces_glabratus,"Msh2,Pdr1_Q6FQA9",231,E,G,Voriconazole
Nakaseomyces_glabratus,"Msh2,Pdr1_Q6FQA9",885,T,A,Anidulafungin
Nakaseomyces_glabratus,"Msh2,Pdr1_Q6FQA9",885,T,A,Caspofungin
Nakaseomyces_glabratus,"Msh2,Pdr1_Q6FQA9",885,T,A,Fluconazole
Nakaseomyces_glabratus,"Msh2,Pdr1_Q6FQA9",885,T,A,Isavuconazole
Nakaseomyces_glabratus,"Msh2,Pdr1_Q6FQA9",885,T,A,Itraconazole
Nakaseomyces_glabratus,"Msh2,Pdr1_Q6FQA9",885,T,A,Micafungin
Nakaseomyces_glabratus,"Msh2,Pdr1_Q6FQA9",885,T,A,Posaconazole
Nakaseomyces_glabratus,"Msh2,Pdr1_Q6FQA9",885,T,A,Voriconazole
Nakaseomyces_glabratus,"Msh2,Pdr1_Q6FQA9",942,A,T,Anidulafungin
Nakaseomyces_glabratus,"Msh2,Pdr1_Q6FQA9",942,A,T,Caspofungin
Nakaseomyces_glabratus,"Msh2,Pdr1_Q6FQA9",942,A,T,Fluconazole
Nakaseomyces_glabratus,"Msh2,Pdr1_Q6FQA9",942,A,T,Isavuconazole
Nakaseomyces_glabratus,"Msh2,Pdr1_Q6FQA9",942,A,T,Itraconazole
Nakaseomyces_glabratus,"Msh2,Pdr1_Q6FQA9",942,A,T,Micafungin
Nakaseomyces_glabratus,"Msh2,Pdr1_Q6FQA9",942,A,T,Posaconazole
Nakaseomyces_glabratus,"Msh2,Pdr1_Q6FQA9",942,A,T,Voriconazole
Nakaseomyces_glabratus,"Msh2,Pdr1_Q6FXU7",208,P,S,Anidulafungin
Nakaseomyces_glabratus,"Msh2,Pdr1_Q6FXU7",208,P,S,Caspofungin
Nakaseomyces_glabratus,"Msh2,Pdr1_Q6FXU7",208,P,S,Fluconazole
Nakaseomyces_glabratus,"Msh2,Pdr1_Q6FXU7",208,P,S,Isavuconazole
Nakaseomyces_glabratus,"Msh2,Pdr1_Q6FXU7",208,P,S,Itraconazole
Nakaseomyces_glabratus,"Msh2,Pdr1_Q6FXU7",208,P,S,Micafungin
Nakaseomyces_glabratus,"Msh2,Pdr1_Q6FXU7",208,P,S,Posaconazole
Nakaseomyces_glabratus,"Msh2,Pdr1_Q6FXU7",208,P,S,Voriconazole
Nakaseomyces_glabratus,"Msh2,Pdr1_Q6FXU7",231,E,G,Anidulafungin
Nakaseomyces_glabratus,"Msh2,Pdr1_Q6FXU7",231,E,G,Caspofungin
Nakaseomyces_glabratus,"Msh2,Pdr1_Q6FXU7",231,E,G,Fluconazole
Nakaseomyces_glabratus,"Msh2,Pdr1_Q6FXU7",231,E,G,Isavuconazole
Nakaseomyces_glabratus,"Msh2,Pdr1_Q6FXU7",231,E,G,Itraconazole
Nakaseomyces_glabratus,"Msh2,Pdr1_Q6FXU7",231,E,G,Micafungin
Nakaseomyces_glabratus,"Msh2,Pdr1_Q6FXU7",231,E,G,Posaconazole
Nakaseomyces_glabratus,"Msh2,Pdr1_Q6FXU7",231,E,G,Voriconazole
Nakaseomyces_glabratus,"Msh2,Pdr1_Q6FXU7",885,T,A,Anidulafungin
Nakaseomyces_glabratus,"Msh2,Pdr1_Q6FXU7",885,T,A,Caspofungin
Nakaseomyces_glabratus,"Msh2,Pdr1_Q6FXU7",885,T,A,Fluconazole
Nakaseomyces_glabratus,"Msh2,Pdr1_Q6FXU7",885,T,A,Isavuconazole
Nakaseomyces_glabratus,"Msh2,Pdr1_Q6FXU7",885,T,A,Itraconazole
Nakaseomyces_glabratus,"Msh2,Pdr1_Q6FXU7",885,T,A,Micafungin
Nakaseomyces_glabratus,"Msh2,Pdr1_Q6FXU7",885,T,A,Posaconazole
Nakaseomyces_glabratus,"Msh2,Pdr1_Q6FXU7",885,T,A,Voriconazole
Nakaseomyces_glabratus,"Msh2,Pdr1_Q6FXU7",942,A,T,Anidulafungin
Nakaseomyces_glabratus,"Msh2,Pdr1_Q6FXU7",942,A,T,Caspofungin
Nakaseomyces_glabratus,"Msh2,Pdr1_Q6FXU7",942,A,T,Fluconazole
Nakaseomyces_glabratus,"Msh2,Pdr1_Q6FXU7",942,A,T,Isavuconazole
Nakaseomyces_glabratus,"Msh2,Pdr1_Q6FXU7",942,A,T,Itraconazole
Nakaseomyces_glabratus,"Msh2,Pdr1_Q6FXU7",942,A,T,Micafungin
Nakaseomyces_glabratus,"Msh2,Pdr1_Q6FXU7",942,A,T,Posaconazole
Nakaseomyces_glabratus,"Msh2,Pdr1_Q6FXU7",942,A,T,Voriconazole
Nakaseomyces_glabratus,Msh2_Q6FQA9,156,I,L,Fluconazole
Nakaseomyces_glabratus,Msh2_Q6FQA9,208,P,S,Echinocandin
Nakaseomyces_glabratus,Msh2_Q6FQA9,208,P,S,Fluconazole
Nakaseomyces_glabratus,Msh2_Q6FQA9,231,E,G,Echinocandin
Nakaseomyces_glabratus,Msh2_Q6FQA9,231,E,G,Fluconazole
Nakaseomyces_glabratus,Msh2_Q6FQA9,239,V,L,Echinocandin
Nakaseomyces_glabratus,Msh2_Q6FQA9,239,V,L,Fluconazole
Nakaseomyces_glabratus,Msh2_Q6FQA9,239,V,L,Various
Nakaseomyces_glabratus,Msh2_Q6FQA9,269,L,F,Echinocandin
Nakaseomyces_glabratus,Msh2_Q6FQA9,269,L,F,Fluconazole
Nakaseomyces_glabratus,Msh2_Q6FQA9,27,P,L,Fluconazole
Nakaseomyces_glabratus,Msh2_Q6FQA9,7,E,K,Fluconazole
Nakaseomyces_glabratus,Msh2_Q6FQA9,814,K,E,Fluconazole
Nakaseomyces_glabratus,Msh2_Q6FQA9,856,V,A,Fluconazole
Nakaseomyces_glabratus,Msh2_Q6FQA9,890,N,I,Echinocandin
Nakaseomyces_glabratus,Msh2_Q6FQA9,890,N,I,Fluconazole
Nakaseomyces_glabratus,Msh2_Q6FQA9,942,A,T,Echinocandin
Nakaseomyces_glabratus,Msh2_Q6FQA9,942,A,T,Fluconazole
Nakaseomyces_glabratus,Pdh1_O74208,1530,T,K,Various
Nakaseomyces_glabratus,Pdh1_O74208,839,E,D,Various
Nakaseomyces_glabratus,Pdr1_Q6FXU7,1077,N,D,Fluconazole
Nakaseomyces_glabratus,Pdr1_Q6FXU7,1078,L,F,Echinocandin
Nakaseomyces_glabratus,Pdr1_Q6FXU7,1078,L,F,Fluconazole
Nakaseomyces_glabratus,Pdr1_Q6FXU7,1079,G,R,Echinocandin
Nakaseomyces_glabratus,Pdr1_Q6FXU7,1079,G,R,Fluconazole
Nakaseomyces_glabratus,Pdr1_Q6FXU7,1079,G,R,Isavuconazole
Nakaseomyces_glabratus,Pdr1_Q6FXU7,1079,G,R,Itraconazole
Nakaseomyces_glabratus,Pdr1_Q6FXU7,1079,G,R,Posaconazole
Nakaseomyces_glabratus,Pdr1_Q6FXU7,1079,G,R,Voriconazole
Nakaseomyces_glabratus,Pdr1_Q6FXU7,1079,G,V,Fluconazole
Nakaseomyces_glabratus,Pdr1_Q6FXU7,1079,G,V,Isavuconazole
Nakaseomyces_glabratus,Pdr1_Q6FXU7,1079,G,V,Itraconazole
Nakaseomyces_glabratus,Pdr1_Q6FXU7,1079,G,V,Posaconazole
Nakaseomyces_glabratus,Pdr1_Q6FXU7,1079,G,V,Voriconazole
Nakaseomyces_glabratus,Pdr1_Q6FXU7,1080,T,A,Echinocandin
Nakaseomyces_glabratus,Pdr1_Q6FXU7,1080,T,A,Fluconazole
Nakaseomyces_glabratus,Pdr1_Q6FXU7,1080,T,I,Fluconazole
Nakaseomyces_glabratus,Pdr1_Q6FXU7,1080,T,N,Fluconazole
Nakaseomyces_glabratus,Pdr1_Q6FXU7,1082,D,G,CWHM-974
Nakaseomyces_glabratus,Pdr1_Q6FXU7,1082,D,G,Fluconazole
Nakaseomyces_glabratus,Pdr1_Q6FXU7,1082,D,G,Fluphenazine
Nakaseomyces_glabratus,Pdr1_Q6FXU7,1083,E,Q,Fluconazole
Nakaseomyces_glabratus,Pdr1_Q6FXU7,1084,S,F,Anidulafungin
Nakaseomyces_glabratus,Pdr1_Q6FXU7,1084,S,F,Caspofungin
Nakaseomyces_glabratus,Pdr1_Q6FXU7,1084,S,F,Fluconazole
Nakaseomyces_glabratus,Pdr1_Q6FXU7,1084,S,F,Isavuconazole
Nakaseomyces_glabratus,Pdr1_Q6FXU7,1084,S,F,Itraconazole
Nakaseomyces_glabratus,Pdr1_Q6FXU7,1084,S,F,Micafungin
Nakaseomyces_glabratus,Pdr1_Q6FXU7,1084,S,F,Posaconazole
Nakaseomyces_glabratus,Pdr1_Q6FXU7,1084,S,F,Voriconazole
Nakaseomyces_glabratus,Pdr1_Q6FXU7,1088,G,E,Fluconazole
Nakaseomyces_glabratus,Pdr1_Q6FXU7,1089,D,Y,Fluconazole
Nakaseomyces_glabratus,Pdr1_Q6FXU7,1091,N,D,Fluconazole
Nakaseomyces_glabratus,Pdr1_Q6FXU7,1093,L,P,Fluconazole
Nakaseomyces_glabratus,Pdr1_Q6FXU7,1099,G,A,Fluconazole
Nakaseomyces_glabratus,Pdr1_Q6FXU7,1099,G,D,Fluconazole
Nakaseomyces_glabratus,Pdr1_Q6FXU7,1099,G,D,Itraconazole
Nakaseomyces_glabratus,Pdr1_Q6FXU7,1099,G,D,Voriconazole
Nakaseomyces_glabratus,Pdr1_Q6FXU7,1099,G,S,Anidulafungin
Nakaseomyces_glabratus,Pdr1_Q6FXU7,1099,G,S,Caspofungin
Nakaseomyces_glabratus,Pdr1_Q6FXU7,1099,G,S,Fluconazole
Nakaseomyces_glabratus,Pdr1_Q6FXU7,1099,G,S,Isavuconazole
Nakaseomyces_glabratus,Pdr1_Q6FXU7,1099,G,S,Itraconazole
Nakaseomyces_glabratus,Pdr1_Q6FXU7,1099,G,S,Micafungin
Nakaseomyces_glabratus,Pdr1_Q6FXU7,1099,G,S,Posaconazole
Nakaseomyces_glabratus,Pdr1_Q6FXU7,1099,G,S,Voriconazole
Nakaseomyces_glabratus,Pdr1_Q6FXU7,1106,Y,N,Fluconazole
Nakaseomyces_glabratus,Pdr1_Q6FXU7,132,N,S,Fluconazole
Nakaseomyces_glabratus,Pdr1_Q6FXU7,139,L,I,Amphotericin B
Nakaseomyces_glabratus,Pdr1_Q6FXU7,139,L,I,Caspofungin
Nakaseomyces_glabratus,Pdr1_Q6FXU7,139,L,I,Fluconazole
Nakaseomyces_glabratus,Pdr1_Q6FXU7,139,L,I,Itraconazole
Nakaseomyces_glabratus,Pdr1_Q6FXU7,139,L,I,Posaconazole
Nakaseomyces_glabratus,Pdr1_Q6FXU7,139,L,I,Voriconazole
Nakaseomyces_glabratus,Pdr1_Q6FXU7,143,P,T,Anidulafungin
Nakaseomyces_glabratus,Pdr1_Q6FXU7,143,P,T,Caspofungin
Nakaseomyces_glabratus,Pdr1_Q6FXU7,143,P,T,Fluconazole
Nakaseomyces_glabratus,Pdr1_Q6FXU7,143,P,T,Isavuconazole
Nakaseomyces_glabratus,Pdr1_Q6FXU7,143,P,T,Itraconazole
Nakaseomyces_glabratus,Pdr1_Q6FXU7,143,P,T,Micafungin
Nakaseomyces_glabratus,Pdr1_Q6FXU7,143,P,T,Posaconazole
Nakaseomyces_glabratus,Pdr1_Q6FXU7,143,P,T,Voriconazole
Nakaseomyces_glabratus,Pdr1_Q6FXU7,143,T,P,Amphotericin B
Nakaseomyces_glabratus,Pdr1_Q6FXU7,143,T,P,Anidulafungin
Nakaseomyces_glabratus,Pdr1_Q6FXU7,143,T,P,Caspofungin
Nakaseomyces_glabratus,Pdr1_Q6FXU7,143,T,P,Fluconazole
Nakaseomyces_glabratus,Pdr1_Q6FXU7,143,T,P,Isavuconazole
Nakaseomyces_glabratus,Pdr1_Q6FXU7,143,T,P,Itraconazole
Nakaseomyces_glabratus,Pdr1_Q6FXU7,143,T,P,Micafungin
Nakaseomyces_glabratus,Pdr1_Q6FXU7,143,T,P,Posaconazole
Nakaseomyces_glabratus,Pdr1_Q6FXU7,143,T,P,Various
Nakaseomyces_glabratus,Pdr1_Q6FXU7,143,T,P,Voriconazole
Nakaseomyces_glabratus,Pdr1_Q6FXU7,236,S,N,Fluconazole
Nakaseomyces_glabratus,Pdr1_Q6FXU7,243,D,N,Anidulafungin
Nakaseomyces_glabratus,Pdr1_Q6FXU7,243,D,N,Caspofungin
Nakaseomyces_glabratus,Pdr1_Q6FXU7,243,D,N,Fluconazole
Nakaseomyces_glabratus,Pdr1_Q6FXU7,243,D,N,Isavuconazole
Nakaseomyces_glabratus,Pdr1_Q6FXU7,243,D,N,Itraconazole
Nakaseomyces_glabratus,Pdr1_Q6FXU7,243,D,N,Micafungin
Nakaseomyces_glabratus,Pdr1_Q6FXU7,243,D,N,Posaconazole
Nakaseomyces_glabratus,Pdr1_Q6FXU7,243,D,N,Prochloraz
Nakaseomyces_glabratus,Pdr1_Q6FXU7,243,D,N,Voriconazole
Nakaseomyces_glabratus,Pdr1_Q6FXU7,250,R,K,Amphotericin B
Nakaseomyces_glabratus,Pdr1_Q6FXU7,250,R,K,Anidulafungin
Nakaseomyces_glabratus,Pdr1_Q6FXU7,250,R,K,Caspofungin
Nakaseomyces_glabratus,Pdr1_Q6FXU7,250,R,K,Fluconazole
Nakaseomyces_glabratus,Pdr1_Q6FXU7,250,R,K,Isavuconazole
Nakaseomyces_glabratus,Pdr1_Q6FXU7,250,R,K,Itraconazole
Nakaseomyces_glabratus,Pdr1_Q6FXU7,250,R,K,Micafungin
Nakaseomyces_glabratus,Pdr1_Q6FXU7,250,R,K,Posaconazole
Nakaseomyces_glabratus,Pdr1_Q6FXU7,250,R,K,Voriconazole
Nakaseomyces_glabratus,Pdr1_Q6FXU7,256,W,G,Amphotericin B
Nakaseomyces_glabratus,Pdr1_Q6FXU7,256,W,G,Caspofungin
Nakaseomyces_glabratus,Pdr1_Q6FXU7,256,W,G,Fluconazole
Nakaseomyces_glabratus,Pdr1_Q6FXU7,256,W,G,Posaconazole
Nakaseomyces_glabratus,Pdr1_Q6FXU7,256,W,G,Voriconazole
Nakaseomyces_glabratus,Pdr1_Q6FXU7,258,P,L,Fluconazole
Nakaseomyces_glabratus,Pdr1_Q6FXU7,258,P,S,Echinocandin
Nakaseomyces_glabratus,Pdr1_Q6FXU7,258,P,S,Fluconazole
Nakaseomyces_glabratus,Pdr1_Q6FXU7,259,E,G,Anidulafungin
Nakaseomyces_glabratus,Pdr1_Q6FXU7,259,E,G,Caspofungin
Nakaseomyces_glabratus,Pdr1_Q6FXU7,259,E,G,Fluconazole
Nakaseomyces_glabratus,Pdr1_Q6FXU7,259,E,G,Isavuconazole
Nakaseomyces_glabratus,Pdr1_Q6FXU7,259,E,G,Itraconazole
Nakaseomyces_glabratus,Pdr1_Q6FXU7,259,E,G,Micafungin
Nakaseomyces_glabratus,Pdr1_Q6FXU7,259,E,G,Posaconazole
Nakaseomyces_glabratus,Pdr1_Q6FXU7,259,E,G,Voriconazole
Nakaseomyces_glabratus,Pdr1_Q6FXU7,260,V,A,Fluconazole
Nakaseomyces_glabratus,Pdr1_Q6FXU7,261,D,G,Fluconazole
Nakaseomyces_glabratus,Pdr1_Q6FXU7,274,K,E,Fluconazole
Nakaseomyces_glabratus,Pdr1_Q6FXU7,274,K,N,Fluconazole
Nakaseomyces_glabratus,Pdr1_Q6FXU7,280,L,F,Anidulafungin
Nakaseomyces_glabratus,Pdr1_Q6FXU7,280,L,F,Caspofungin
Nakaseomyces_glabratus,Pdr1_Q6FXU7,280,L,F,Fluconazole
Nakaseomyces_glabratus,Pdr1_Q6FXU7,280,L,F,Isavuconazole
Nakaseomyces_glabratus,Pdr1_Q6FXU7,280,L,F,Itraconazole
Nakaseomyces_glabratus,Pdr1_Q6FXU7,280,L,F,Micafungin
Nakaseomyces_glabratus,Pdr1_Q6FXU7,280,L,F,Posaconazole
Nakaseomyces_glabratus,Pdr1_Q6FXU7,280,L,F,Voriconazole
Nakaseomyces_glabratus,Pdr1_Q6FXU7,280,L,S,Fluconazole
Nakaseomyces_glabratus,Pdr1_Q6FXU7,283,N,I,Fluconazole
Nakaseomyces_glabratus,Pdr1_Q6FXU7,284,K,N,Fluconazole
Nakaseomyces_glabratus,Pdr1_Q6FXU7,285,Y,C,Echinocandin
Nakaseomyces_glabratus,Pdr1_Q6FXU7,285,Y,C,Fluconazole
Nakaseomyces_glabratus,Pdr1_Q6FXU7,288,H,D,Fluconazole
Nakaseomyces_glabratus,Pdr1_Q6FXU7,288,H,D,Isavuconazole
Nakaseomyces_glabratus,Pdr1_Q6FXU7,288,H,D,Itraconazole
Nakaseomyces_glabratus,Pdr1_Q6FXU7,288,H,D,Posaconazole
Nakaseomyces_glabratus,Pdr1_Q6FXU7,288,H,D,Voriconazole
Nakaseomyces_glabratus,Pdr1_Q6FXU7,291,L,P,Fluconazole
Nakaseomyces_glabratus,Pdr1_Q6FXU7,291,L,P,Isavuconazole
Nakaseomyces_glabratus,Pdr1_Q6FXU7,291,L,P,Itraconazole
Nakaseomyces_glabratus,Pdr1_Q6FXU7,291,L,P,Posaconazole
Nakaseomyces_glabratus,Pdr1_Q6FXU7,291,L,P,Voriconazole
Nakaseomyces_glabratus,Pdr1_Q6FXU7,291,L,R,Fluconazole
Nakaseomyces_glabratus,Pdr1_Q6FXU7,293,R,G,Fluconazole
Nakaseomyces_glabratus,Pdr1_Q6FXU7,293,R,I,Fluconazole
Nakaseomyces_glabratus,Pdr1_Q6FXU7,294,F,S,Fluconazole
Nakaseomyces_glabratus,Pdr1_Q6FXU7,295,R,G,Fluconazole
Nakaseomyces_glabratus,Pdr1_Q6FXU7,297,W,C,Anidulafungin
Nakaseomyces_glabratus,Pdr1_Q6FXU7,297,W,C,Caspofungin
Nakaseomyces_glabratus,Pdr1_Q6FXU7,297,W,C,Fluconazole
Nakaseomyces_glabratus,Pdr1_Q6FXU7,297,W,C,Isavuconazole
Nakaseomyces_glabratus,Pdr1_Q6FXU7,297,W,C,Itraconazole
Nakaseomyces_glabratus,Pdr1_Q6FXU7,297,W,C,Micafungin
Nakaseomyces_glabratus,Pdr1_Q6FXU7,297,W,C,Posaconazole
Nakaseomyces_glabratus,Pdr1_Q6FXU7,297,W,C,Voriconazole
Nakaseomyces_glabratus,Pdr1_Q6FXU7,297,W,L,Anidulafungin
Nakaseomyces_glabratus,Pdr1_Q6FXU7,297,W,L,Caspofungin
Nakaseomyces_glabratus,Pdr1_Q6FXU7,297,W,L,Fluconazole
Nakaseomyces_glabratus,Pdr1_Q6FXU7,297,W,L,Isavuconazole
Nakaseomyces_glabratus,Pdr1_Q6FXU7,297,W,L,Itraconazole
Nakaseomyces_glabratus,Pdr1_Q6FXU7,297,W,L,Micafungin
Nakaseomyces_glabratus,Pdr1_Q6FXU7,297,W,L,Posaconazole
Nakaseomyces_glabratus,Pdr1_Q6FXU7,297,W,L,Voriconazole
Nakaseomyces_glabratus,Pdr1_Q6FXU7,297,W,R,Fluconazole
Nakaseomyces_glabratus,Pdr1_Q6FXU7,297,W,R,Itraconazole
Nakaseomyces_glabratus,Pdr1_Q6FXU7,297,W,R,Voriconazole
Nakaseomyces_glabratus,Pdr1_Q6FXU7,297,W,S,Fluconazole
Nakaseomyces_glabratus,Pdr1_Q6FXU7,316,S,I,Fluconazole
Nakaseomyces_glabratus,Pdr1_Q6FXU7,327,P,L,Fluconazole
Nakaseomyces_glabratus,Pdr1_Q6FXU7,328,L,F,Echinocandin
Nakaseomyces_glabratus,Pdr1_Q6FXU7,328,L,F,Fluconazole
Nakaseomyces_glabratus,Pdr1_Q6FXU7,329,V,D,Echinocandin
Nakaseomyces_glabratus,Pdr1_Q6FXU7,329,V,D,Fluconazole
Nakaseomyces_glabratus,Pdr1_Q6FXU7,329,V,F,Anidulafungin
Nakaseomyces_glabratus,Pdr1_Q6FXU7,329,V,F,Caspofungin
Nakaseomyces_glabratus,Pdr1_Q6FXU7,329,V,F,Fluconazole
Nakaseomyces_glabratus,Pdr1_Q6FXU7,329,V,F,Isavuconazole
Nakaseomyces_glabratus,Pdr1_Q6FXU7,329,V,F,Itraconazole
Nakaseomyces_glabratus,Pdr1_Q6FXU7,329,V,F,Micafungin
Nakaseomyces_glabratus,Pdr1_Q6FXU7,329,V,F,Posaconazole
Nakaseomyces_glabratus,Pdr1_Q6FXU7,329,V,F,Voriconazole
Nakaseomyces_glabratus,Pdr1_Q6FXU7,334,G,E,Fluconazole
Nakaseomyces_glabratus,Pdr1_Q6FXU7,334,G,V,Fluconazole
Nakaseomyces_glabratus,Pdr1_Q6FXU7,334,G,W,Anidulafungin
Nakaseomyces_glabratus,Pdr1_Q6FXU7,334,G,W,Caspofungin
Nakaseomyces_glabratus,Pdr1_Q6FXU7,334,G,W,Fluconazole
Nakaseomyces_glabratus,Pdr1_Q6FXU7,334,G,W,Isavuconazole
Nakaseomyces_glabratus,Pdr1_Q6FXU7,334,G,W,Itraconazole
Nakaseomyces_glabratus,Pdr1_Q6FXU7,334,G,W,Micafungin
Nakaseomyces_glabratus,Pdr1_Q6FXU7,334,G,W,Posaconazole
Nakaseomyces_glabratus,Pdr1_Q6FXU7,334,G,W,Voriconazole
Nakaseomyces_glabratus,Pdr1_Q6FXU7,336,Y,H,Fluconazole
Nakaseomyces_glabratus,Pdr1_Q6FXU7,337,S,F,Anidulafungin
Nakaseomyces_glabratus,Pdr1_Q6FXU7,337,S,F,Caspofungin
Nakaseomyces_glabratus,Pdr1_Q6FXU7,337,S,F,Fluconazole
Nakaseomyces_glabratus,Pdr1_Q6FXU7,337,S,F,Isavuconazole
Nakaseomyces_glabratus,Pdr1_Q6FXU7,337,S,F,Itraconazole
Nakaseomyces_glabratus,Pdr1_Q6FXU7,337,S,F,Micafungin
Nakaseomyces_glabratus,Pdr1_Q6FXU7,337,S,F,Posaconazole
Nakaseomyces_glabratus,Pdr1_Q6FXU7,337,S,F,Voriconazole
Nakaseomyces_glabratus,Pdr1_Q6FXU7,340,E,D,Fluconazole
Nakaseomyces_glabratus,Pdr1_Q6FXU7,340,E,G,Fluconazole
Nakaseomyces_glabratus,Pdr1_Q6FXU7,340,E,K,Fluconazole
Nakaseomyces_glabratus,Pdr1_Q6FXU7,343,S,F,Fluconazole
Nakaseomyces_glabratus,Pdr1_Q6FXU7,344,L,S,Anidulafungin
Nakaseomyces_glabratus,Pdr1_Q6FXU7,344,L,S,Caspofungin
Nakaseomyces_glabratus,Pdr1_Q6FXU7,344,L,S,Fluconazole
Nakaseomyces_glabratus,Pdr1_Q6FXU7,344,L,S,Isavuconazole
Nakaseomyces_glabratus,Pdr1_Q6FXU7,344,L,S,Itraconazole
Nakaseomyces_glabratus,Pdr1_Q6FXU7,344,L,S,Micafungin
Nakaseomyces_glabratus,Pdr1_Q6FXU7,344,L,S,Posaconazole
Nakaseomyces_glabratus,Pdr1_Q6FXU7,344,L,S,Voriconazole
Nakaseomyces_glabratus,Pdr1_Q6FXU7,346,G,A,Fluconazole
Nakaseomyces_glabratus,Pdr1_Q6FXU7,346,G,A,Isavuconazole
Nakaseomyces_glabratus,Pdr1_Q6FXU7,346,G,A,Itraconazole
Nakaseomyces_glabratus,Pdr1_Q6FXU7,346,G,A,Posaconazole
Nakaseomyces_glabratus,Pdr1_Q6FXU7,346,G,A,Voriconazole
Nakaseomyces_glabratus,Pdr1_Q6FXU7,346,G,D,Anidulafungin
Nakaseomyces_glabratus,Pdr1_Q6FXU7,346,G,D,Caspofungin
Nakaseomyces_glabratus,Pdr1_Q6FXU7,346,G,D,Fluconazole
Nakaseomyces_glabratus,Pdr1_Q6FXU7,346,G,D,Isavuconazole
Nakaseomyces_glabratus,Pdr1_Q6FXU7,346,G,D,Itraconazole
Nakaseomyces_glabratus,Pdr1_Q6FXU7,346,G,D,Micafungin
Nakaseomyces_glabratus,Pdr1_Q6FXU7,346,G,D,Posaconazole
Nakaseomyces_glabratus,Pdr1_Q6FXU7,346,G,D,Voriconazole
Nakaseomyces_glabratus,Pdr1_Q6FXU7,346,G,S,Fluconazole
Nakaseomyces_glabratus,Pdr1_Q6FXU7,346,G,V,Fluconazole
Nakaseomyces_glabratus,Pdr1_Q6FXU7,347,L,F,Fluconazole
Nakaseomyces_glabratus,Pdr1_Q6FXU7,347,L,F,Itraconazole
Nakaseomyces_glabratus,Pdr1_Q6FXU7,347,L,F,Voriconazole
Nakaseomyces_glabratus,Pdr1_Q6FXU7,347,L,H,Fluconazole
Nakaseomyces_glabratus,Pdr1_Q6FXU7,348,G,C,Fluconazole
Nakaseomyces_glabratus,Pdr1_Q6FXU7,348,G,D,Fluconazole
Nakaseomyces_glabratus,Pdr1_Q6FXU7,348,G,D,Isavuconazole
Nakaseomyces_glabratus,Pdr1_Q6FXU7,348,G,D,Itraconazole
Nakaseomyces_glabratus,Pdr1_Q6FXU7,348,G,D,Posaconazole
Nakaseomyces_glabratus,Pdr1_Q6FXU7,348,G,D,Voriconazole
Nakaseomyces_glabratus,Pdr1_Q6FXU7,348,G,S,Fluconazole
Nakaseomyces_glabratus,Pdr1_Q6FXU7,348,G,S,Isavuconazole
Nakaseomyces_glabratus,Pdr1_Q6FXU7,348,G,S,Itraconazole
Nakaseomyces_glabratus,Pdr1_Q6FXU7,348,G,S,Posaconazole
Nakaseomyces_glabratus,Pdr1_Q6FXU7,348,G,S,Voriconazole
Nakaseomyces_glabratus,Pdr1_Q6FXU7,360,T,I,Fluconazole
Nakaseomyces_glabratus,Pdr1_Q6FXU7,365,K,E,Fluconazole
Nakaseomyces_glabratus,Pdr1_Q6FXU7,366,L,P,Fluconazole
Nakaseomyces_glabratus,Pdr1_Q6FXU7,369,E,K,Fluconazole
Nakaseomyces_glabratus,Pdr1_Q6FXU7,370,T,I,5-fluorocytosine
Nakaseomyces_glabratus,Pdr1_Q6FXU7,370,T,I,Amphotericin B
Nakaseomyces_glabratus,Pdr1_Q6FXU7,370,T,I,Anidulafungin
Nakaseomyces_glabratus,Pdr1_Q6FXU7,370,T,I,Caspofungin
Nakaseomyces_glabratus,Pdr1_Q6FXU7,370,T,I,Echinocandin
Nakaseomyces_glabratus,Pdr1_Q6FXU7,370,T,I,Fluconazole
Nakaseomyces_glabratus,Pdr1_Q6FXU7,370,T,I,Itraconazole
Nakaseomyces_glabratus,Pdr1_Q6FXU7,370,T,I,Micafungin
Nakaseomyces_glabratus,Pdr1_Q6FXU7,370,T,I,Voriconazole
Nakaseomyces_glabratus,Pdr1_Q6FXU7,372,Y,C,Clotrimazole
Nakaseomyces_glabratus,Pdr1_Q6FXU7,372,Y,C,Fluconazole
Nakaseomyces_glabratus,Pdr1_Q6FXU7,372,Y,C,Posaconazole
Nakaseomyces_glabratus,Pdr1_Q6FXU7,372,Y,C,Voriconazole
Nakaseomyces_glabratus,Pdr1_Q6FXU7,372,Y,H,Fluconazole
Nakaseomyces_glabratus,Pdr1_Q6FXU7,372,Y,H,Isavuconazole
Nakaseomyces_glabratus,Pdr1_Q6FXU7,372,Y,H,Itraconazole
Nakaseomyces_glabratus,Pdr1_Q6FXU7,372,Y,H,Posaconazole
Nakaseomyces_glabratus,Pdr1_Q6FXU7,372,Y,H,Voriconazole
Nakaseomyces_glabratus,Pdr1_Q6FXU7,372,Y,N,Fluconazole
Nakaseomyces_glabratus,Pdr1_Q6FXU7,373,I,N,Fluconazole
Nakaseomyces_glabratus,Pdr1_Q6FXU7,373,I,V,Fluconazole
Nakaseomyces_glabratus,Pdr1_Q6FXU7,375,L,P,Fluconazole
Nakaseomyces_glabratus,Pdr1_Q6FXU7,376,R,G,Fluconazole
Nakaseomyces_glabratus,Pdr1_Q6FXU7,376,R,Q,Echinocandin
Nakaseomyces_glabratus,Pdr1_Q6FXU7,376,R,Q,Fluconazole
Nakaseomyces_glabratus,Pdr1_Q6FXU7,376,R,W,CWHM-974
Nakaseomyces_glabratus,Pdr1_Q6FXU7,376,R,W,Fluconazole
Nakaseomyces_glabratus,Pdr1_Q6FXU7,376,R,W,Fluphenazine
Nakaseomyces_glabratus,Pdr1_Q6FXU7,376,R,W,Voriconazole
Nakaseomyces_glabratus,Pdr1_Q6FXU7,377,F,I,Fluconazole
Nakaseomyces_glabratus,Pdr1_Q6FXU7,378,I,T,Fluconazole
Nakaseomyces_glabratus,Pdr1_Q6FXU7,388,E,Q,Fluconazole
Nakaseomyces_glabratus,Pdr1_Q6FXU7,391,S,L,Anidulafungin
Nakaseomyces_glabratus,Pdr1_Q6FXU7,391,S,L,Caspofungin
Nakaseomyces_glabratus,Pdr1_Q6FXU7,391,S,L,Fluconazole
Nakaseomyces_glabratus,Pdr1_Q6FXU7,391,S,L,Isavuconazole
Nakaseomyces_glabratus,Pdr1_Q6FXU7,391,S,L,Itraconazole
Nakaseomyces_glabratus,Pdr1_Q6FXU7,391,S,L,Micafungin
Nakaseomyces_glabratus,Pdr1_Q6FXU7,391,S,L,Posaconazole
Nakaseomyces_glabratus,Pdr1_Q6FXU7,391,S,L,Voriconazole
Nakaseomyces_glabratus,Pdr1_Q6FXU7,392,I,M,Fluconazole
Nakaseomyces_glabratus,Pdr1_Q6FXU7,392,I,M,Voriconazole
Nakaseomyces_glabratus,Pdr1_Q6FXU7,439,F,I,Amphotericin B
Nakaseomyces_glabratus,Pdr1_Q6FXU7,439,F,I,Anidulafungin
Nakaseomyces_glabratus,Pdr1_Q6FXU7,439,F,I,Fluconazole
Nakaseomyces_glabratus,Pdr1_Q6FXU7,439,F,I,Itraconazole
Nakaseomyces_glabratus,Pdr1_Q6FXU7,439,F,I,Micafungin
Nakaseomyces_glabratus,Pdr1_Q6FXU7,439,F,I,Voriconazole
Nakaseomyces_glabratus,Pdr1_Q6FXU7,492,E,K,Anidulafungin
Nakaseomyces_glabratus,Pdr1_Q6FXU7,492,E,K,Caspofungin
Nakaseomyces_glabratus,Pdr1_Q6FXU7,492,E,K,Fluconazole
Nakaseomyces_glabratus,Pdr1_Q6FXU7,492,E,K,Isavuconazole
Nakaseomyces_glabratus,Pdr1_Q6FXU7,492,E,K,Itraconazole
Nakaseomyces_glabratus,Pdr1_Q6FXU7,492,E,K,Micafungin
Nakaseomyces_glabratus,Pdr1_Q6FXU7,492,E,K,Posaconazole
Nakaseomyces_glabratus,Pdr1_Q6FXU7,492,E,K,Voriconazole
Nakaseomyces_glabratus,Pdr1_Q6FXU7,496,N,S,Anidulafungin
Nakaseomyces_glabratus,Pdr1_Q6FXU7,496,N,S,Caspofungin
Nakaseomyces_glabratus,Pdr1_Q6FXU7,496,N,S,Fluconazole
Nakaseomyces_glabratus,Pdr1_Q6FXU7,496,N,S,Isavuconazole
Nakaseomyces_glabratus,Pdr1_Q6FXU7,496,N,S,Itraconazole
Nakaseomyces_glabratus,Pdr1_Q6FXU7,496,N,S,Micafungin
Nakaseomyces_glabratus,Pdr1_Q6FXU7,496,N,S,Posaconazole
Nakaseomyces_glabratus,Pdr1_Q6FXU7,496,N,S,Voriconazole
Nakaseomyces_glabratus,Pdr1_Q6FXU7,516,L,F,Echinocandin
Nakaseomyces_glabratus,Pdr1_Q6FXU7,516,L,F,Fluconazole
Nakaseomyces_glabratus,Pdr1_Q6FXU7,539,Y,F,Echinocandin
Nakaseomyces_glabratus,Pdr1_Q6FXU7,539,Y,F,Fluconazole
Nakaseomyces_glabratus,Pdr1_Q6FXU7,540,M,I,Fluconazole
Nakaseomyces_glabratus,Pdr1_Q6FXU7,546,L,F,Echinocandin
Nakaseomyces_glabratus,Pdr1_Q6FXU7,546,L,F,Fluconazole
Nakaseomyces_glabratus,Pdr1_Q6FXU7,554,D,E,Amphotericin B
Nakaseomyces_glabratus,Pdr1_Q6FXU7,554,D,E,Anidulafungin
Nakaseomyces_glabratus,Pdr1_Q6FXU7,554,D,E,Fluconazole
Nakaseomyces_glabratus,Pdr1_Q6FXU7,554,D,E,Itraconazole
Nakaseomyces_glabratus,Pdr1_Q6FXU7,554,D,E,Micafungin
Nakaseomyces_glabratus,Pdr1_Q6FXU7,554,D,E,Voriconazole
Nakaseomyces_glabratus,Pdr1_Q6FXU7,554,D,G,Anidulafungin
Nakaseomyces_glabratus,Pdr1_Q6FXU7,554,D,G,Caspofungin
Nakaseomyces_glabratus,Pdr1_Q6FXU7,554,D,G,Fluconazole
Nakaseomyces_glabratus,Pdr1_Q6FXU7,554,D,G,Isavuconazole
Nakaseomyces_glabratus,Pdr1_Q6FXU7,554,D,G,Itraconazole
Nakaseomyces_glabratus,Pdr1_Q6FXU7,554,D,G,Micafungin
Nakaseomyces_glabratus,Pdr1_Q6FXU7,554,D,G,Posaconazole
Nakaseomyces_glabratus,Pdr1_Q6FXU7,554,D,G,Voriconazole
Nakaseomyces_glabratus,Pdr1_Q6FXU7,555,E,D,Fluconazole
Nakaseomyces_glabratus,Pdr1_Q6FXU7,555,E,K,Anidulafungin
Nakaseomyces_glabratus,Pdr1_Q6FXU7,555,E,K,Caspofungin
Nakaseomyces_glabratus,Pdr1_Q6FXU7,555,E,K,Echinocandin
Nakaseomyces_glabratus,Pdr1_Q6FXU7,555,E,K,Fluconazole
Nakaseomyces_glabratus,Pdr1_Q6FXU7,555,E,K,Isavuconazole
Nakaseomyces_glabratus,Pdr1_Q6FXU7,555,E,K,Itraconazole
Nakaseomyces_glabratus,Pdr1_Q6FXU7,555,E,K,Micafungin
Nakaseomyces_glabratus,Pdr1_Q6FXU7,555,E,K,Posaconazole
Nakaseomyces_glabratus,Pdr1_Q6FXU7,555,E,K,Voriconazole
Nakaseomyces_glabratus,Pdr1_Q6FXU7,555,E,Q,Echinocandin
Nakaseomyces_glabratus,Pdr1_Q6FXU7,555,E,Q,Fluconazole
Nakaseomyces_glabratus,Pdr1_Q6FXU7,556,Y,C,Fluconazole
Nakaseomyces_glabratus,Pdr1_Q6FXU7,558,G,C,Fluconazole
Nakaseomyces_glabratus,Pdr1_Q6FXU7,558,G,C,Voriconazole
Nakaseomyces_glabratus,Pdr1_Q6FXU7,564,N,K,Fluconazole
Nakaseomyces_glabratus,Pdr1_Q6FXU7,575,F,L,Fluconazole
Nakaseomyces_glabratus,Pdr1_Q6FXU7,575,F,L,Itraconazole
Nakaseomyces_glabratus,Pdr1_Q6FXU7,575,F,L,Voriconazole
Nakaseomyces_glabratus,Pdr1_Q6FXU7,576,H,Y,Fluconazole
Nakaseomyces_glabratus,Pdr1_Q6FXU7,576,H,Y,Itraconazole
Nakaseomyces_glabratus,Pdr1_Q6FXU7,576,H,Y,Voriconazole
Nakaseomyces_glabratus,Pdr1_Q6FXU7,580,F,C,Fluconazole
Nakaseomyces_glabratus,Pdr1_Q6FXU7,582,V,F,Fluconazole
Nakaseomyces_glabratus,Pdr1_Q6FXU7,583,G,C,Fluconazole
Nakaseomyces_glabratus,Pdr1_Q6FXU7,583,G,D,Fluconazole
Nakaseomyces_glabratus,Pdr1_Q6FXU7,583,G,S,Anidulafungin
Nakaseomyces_glabratus,Pdr1_Q6FXU7,583,G,S,Caspofungin
Nakaseomyces_glabratus,Pdr1_Q6FXU7,583,G,S,Echinocandin
Nakaseomyces_glabratus,Pdr1_Q6FXU7,583,G,S,Fluconazole
Nakaseomyces_glabratus,Pdr1_Q6FXU7,583,G,S,Isavuconazole
Nakaseomyces_glabratus,Pdr1_Q6FXU7,583,G,S,Itraconazole
Nakaseomyces_glabratus,Pdr1_Q6FXU7,583,G,S,Micafungin
Nakaseomyces_glabratus,Pdr1_Q6FXU7,583,G,S,Posaconazole
Nakaseomyces_glabratus,Pdr1_Q6FXU7,583,G,S,Voriconazole
Nakaseomyces_glabratus,Pdr1_Q6FXU7,584,Y,C,Fluconazole
Nakaseomyces_glabratus,Pdr1_Q6FXU7,584,Y,D,Fluconazole
Nakaseomyces_glabratus,Pdr1_Q6FXU7,588,T,A,Fluconazole
Nakaseomyces_glabratus,Pdr1_Q6FXU7,588,T,A,Itraconazole
Nakaseomyces_glabratus,Pdr1_Q6FXU7,588,T,A,Voriconazole
Nakaseomyces_glabratus,Pdr1_Q6FXU7,590,E,D,Amphotericin B
Nakaseomyces_glabratus,Pdr1_Q6FXU7,590,E,D,Anidulafungin
Nakaseomyces_glabratus,Pdr1_Q6FXU7,590,E,D,Fluconazole
Nakaseomyces_glabratus,Pdr1_Q6FXU7,590,E,D,Itraconazole
Nakaseomyces_glabratus,Pdr1_Q6FXU7,590,E,D,Micafungin
Nakaseomyces_glabratus,Pdr1_Q6FXU7,590,E,D,Voriconazole
Nakaseomyces_glabratus,Pdr1_Q6FXU7,592,R,G,Fluconazole
Nakaseomyces_glabratus,Pdr1_Q6FXU7,592,R,S,Fluconazole
Nakaseomyces_glabratus,Pdr1_Q6FXU7,607,T,A,Fluconazole
Nakaseomyces_glabratus,Pdr1_Q6FXU7,607,T,S,Fluconazole
Nakaseomyces_glabratus,Pdr1_Q6FXU7,611,G,S,Anidulafungin
Nakaseomyces_glabratus,Pdr1_Q6FXU7,611,G,S,Caspofungin
Nakaseomyces_glabratus,Pdr1_Q6FXU7,611,G,S,Fluconazole
Nakaseomyces_glabratus,Pdr1_Q6FXU7,611,G,S,Isavuconazole
Nakaseomyces_glabratus,Pdr1_Q6FXU7,611,G,S,Itraconazole
Nakaseomyces_glabratus,Pdr1_Q6FXU7,611,G,S,Micafungin
Nakaseomyces_glabratus,Pdr1_Q6FXU7,611,G,S,Posaconazole
Nakaseomyces_glabratus,Pdr1_Q6FXU7,611,G,S,Voriconazole
Nakaseomyces_glabratus,Pdr1_Q6FXU7,612,F,V,Amphotericin B
Nakaseomyces_glabratus,Pdr1_Q6FXU7,612,F,V,Caspofungin
Nakaseomyces_glabratus,Pdr1_Q6FXU7,612,F,V,Fluconazole
Nakaseomyces_glabratus,Pdr1_Q6FXU7,612,F,V,Posaconazole
Nakaseomyces_glabratus,Pdr1_Q6FXU7,612,F,V,Voriconazole
Nakaseomyces_glabratus,Pdr1_Q6FXU7,626,P,T,Fluconazole
Nakaseomyces_glabratus,Pdr1_Q6FXU7,651,S,N,Fluconazole
Nakaseomyces_glabratus,Pdr1_Q6FXU7,677,H,N,Echinocandin
Nakaseomyces_glabratus,Pdr1_Q6FXU7,677,H,N,Fluconazole
Nakaseomyces_glabratus,Pdr1_Q6FXU7,682,Y,C,5-fluorocytosine
Nakaseomyces_glabratus,Pdr1_Q6FXU7,682,Y,C,Amphotericin B
Nakaseomyces_glabratus,Pdr1_Q6FXU7,682,Y,C,Anidulafungin
Nakaseomyces_glabratus,Pdr1_Q6FXU7,682,Y,C,Caspofungin
Nakaseomyces_glabratus,Pdr1_Q6FXU7,682,Y,C,Fluconazole
Nakaseomyces_glabratus,Pdr1_Q6FXU7,682,Y,C,Isavuconazole
Nakaseomyces_glabratus,Pdr1_Q6FXU7,682,Y,C,Itraconazole
Nakaseomyces_glabratus,Pdr1_Q6FXU7,682,Y,C,Micafungin
Nakaseomyces_glabratus,Pdr1_Q6FXU7,682,Y,C,Posaconazole
Nakaseomyces_glabratus,Pdr1_Q6FXU7,682,Y,C,Voriconazole
Nakaseomyces_glabratus,Pdr1_Q6FXU7,691,N,D,Fluconazole
Nakaseomyces_glabratus,Pdr1_Q6FXU7,695,P,L,Amphotericin B
Nakaseomyces_glabratus,Pdr1_Q6FXU7,695,P,L,Caspofungin
Nakaseomyces_glabratus,Pdr1_Q6FXU7,695,P,L,Fluconazole
Nakaseomyces_glabratus,Pdr1_Q6FXU7,695,P,L,Posaconazole
Nakaseomyces_glabratus,Pdr1_Q6FXU7,695,P,L,Voriconazole
Nakaseomyces_glabratus,Pdr1_Q6FXU7,695,P,R,Amphotericin B
Nakaseomyces_glabratus,Pdr1_Q6FXU7,695,P,R,Anidulafungin
Nakaseomyces_glabratus,Pdr1_Q6FXU7,695,P,R,Fluconazole
Nakaseomyces_glabratus,Pdr1_Q6FXU7,695,P,R,Itraconazole
Nakaseomyces_glabratus,Pdr1_Q6FXU7,695,P,R,Micafungin
Nakaseomyces_glabratus,Pdr1_Q6FXU7,695,P,R,Voriconazole
Nakaseomyces_glabratus,Pdr1_Q6FXU7,696,P,L,Fluconazole
Nakaseomyces_glabratus,Pdr1_Q6FXU7,699,K,N,Fluconazole
Nakaseomyces_glabratus,Pdr1_Q6FXU7,714,E,D,Fluconazole
Nakaseomyces_glabratus,Pdr1_Q6FXU7,731,A,E,Fluconazole
Nakaseomyces_glabratus,Pdr1_Q6FXU7,731,A,I,Fluconazole
Nakaseomyces_glabratus,Pdr1_Q6FXU7,732,L,S,Fluconazole
Nakaseomyces_glabratus,Pdr1_Q6FXU7,745,T,A,Amphotericin B
Nakaseomyces_glabratus,Pdr1_Q6FXU7,745,T,A,Caspofungin
Nakaseomyces_glabratus,Pdr1_Q6FXU7,745,T,A,Fluconazole
Nakaseomyces_glabratus,Pdr1_Q6FXU7,745,T,A,Posaconazole
Nakaseomyces_glabratus,Pdr1_Q6FXU7,745,T,A,Voriconazole
Nakaseomyces_glabratus,Pdr1_Q6FXU7,752,T,I,Fluconazole
Nakaseomyces_glabratus,Pdr1_Q6FXU7,76,P,S,Anidulafungin
Nakaseomyces_glabratus,Pdr1_Q6FXU7,76,P,S,Caspofungin
Nakaseomyces_glabratus,Pdr1_Q6FXU7,76,P,S,Fluconazole
Nakaseomyces_glabratus,Pdr1_Q6FXU7,76,P,S,Isavuconazole
Nakaseomyces_glabratus,Pdr1_Q6FXU7,76,P,S,Itraconazole
Nakaseomyces_glabratus,Pdr1_Q6FXU7,76,P,S,Micafungin
Nakaseomyces_glabratus,Pdr1_Q6FXU7,76,P,S,Posaconazole
Nakaseomyces_glabratus,Pdr1_Q6FXU7,76,P,S,Voriconazole
Nakaseomyces_glabratus,Pdr1_Q6FXU7,76,S,P,Amphotericin B
Nakaseomyces_glabratus,Pdr1_Q6FXU7,76,S,P,Anidulafungin
Nakaseomyces_glabratus,Pdr1_Q6FXU7,76,S,P,Caspofungin
Nakaseomyces_glabratus,Pdr1_Q6FXU7,76,S,P,Fluconazole
Nakaseomyces_glabratus,Pdr1_Q6FXU7,76,S,P,Itraconazole
Nakaseomyces_glabratus,Pdr1_Q6FXU7,76,S,P,Micafungin
Nakaseomyces_glabratus,Pdr1_Q6FXU7,76,S,P,Posaconazole
Nakaseomyces_glabratus,Pdr1_Q6FXU7,76,S,P,Various
Nakaseomyces_glabratus,Pdr1_Q6FXU7,76,S,P,Voriconazole
Nakaseomyces_glabratus,Pdr1_Q6FXU7,761,R,M,Amphotericin B
Nakaseomyces_glabratus,Pdr1_Q6FXU7,761,R,M,Anidulafungin
Nakaseomyces_glabratus,Pdr1_Q6FXU7,761,R,M,Caspofungin
Nakaseomyces_glabratus,Pdr1_Q6FXU7,761,R,M,Fluconazole
Nakaseomyces_glabratus,Pdr1_Q6FXU7,761,R,M,Isavuconazole
Nakaseomyces_glabratus,Pdr1_Q6FXU7,761,R,M,Itraconazole
Nakaseomyces_glabratus,Pdr1_Q6FXU7,761,R,M,Posaconazole
Nakaseomyces_glabratus,Pdr1_Q6FXU7,761,R,M,Voriconazole
Nakaseomyces_glabratus,Pdr1_Q6FXU7,764,N,D,Fluconazole
Nakaseomyces_glabratus,Pdr1_Q6FXU7,766,A,V,Echinocandin
Nakaseomyces_glabratus,Pdr1_Q6FXU7,766,A,V,Fluconazole
Nakaseomyces_glabratus,Pdr1_Q6FXU7,768,N,D,Amphotericin B
Nakaseomyces_glabratus,Pdr1_Q6FXU7,768,N,D,Caspofungin
Nakaseomyces_glabratus,Pdr1_Q6FXU7,768,N,D,Fluconazole
Nakaseomyces_glabratus,Pdr1_Q6FXU7,768,N,D,Itraconazole
Nakaseomyces_glabratus,Pdr1_Q6FXU7,768,N,D,Posaconazole
Nakaseomyces_glabratus,Pdr1_Q6FXU7,768,N,D,Voriconazole
Nakaseomyces_glabratus,Pdr1_Q6FXU7,768,N,I,Amphotericin B
Nakaseomyces_glabratus,Pdr1_Q6FXU7,768,N,I,Anidulafungin
Nakaseomyces_glabratus,Pdr1_Q6FXU7,768,N,I,Fluconazole
Nakaseomyces_glabratus,Pdr1_Q6FXU7,768,N,I,Itraconazole
Nakaseomyces_glabratus,Pdr1_Q6FXU7,768,N,I,Micafungin
Nakaseomyces_glabratus,Pdr1_Q6FXU7,768,N,I,Voriconazole
Nakaseomyces_glabratus,Pdr1_Q6FXU7,772,R,K,Fluconazole
Nakaseomyces_glabratus,Pdr1_Q6FXU7,776,K,E,Fluconazole
Nakaseomyces_glabratus,Pdr1_Q6FXU7,778,K,E,Anidulafungin
Nakaseomyces_glabratus,Pdr1_Q6FXU7,778,K,E,Caspofungin
Nakaseomyces_glabratus,Pdr1_Q6FXU7,778,K,E,Fluconazole
Nakaseomyces_glabratus,Pdr1_Q6FXU7,778,K,E,Isavuconazole
Nakaseomyces_glabratus,Pdr1_Q6FXU7,778,K,E,Itraconazole
Nakaseomyces_glabratus,Pdr1_Q6FXU7,778,K,E,Micafungin
Nakaseomyces_glabratus,Pdr1_Q6FXU7,778,K,E,Posaconazole
Nakaseomyces_glabratus,Pdr1_Q6FXU7,778,K,E,Voriconazole
Nakaseomyces_glabratus,Pdr1_Q6FXU7,785,V,D,Fluconazole
Nakaseomyces_glabratus,Pdr1_Q6FXU7,788,G,W,Fluconazole
Nakaseomyces_glabratus,Pdr1_Q6FXU7,792,R,X,Fluconazole
Nakaseomyces_glabratus,Pdr1_Q6FXU7,803,I,T,Fluconazole
Nakaseomyces_glabratus,Pdr1_Q6FXU7,803,I,T,Voriconazole
Nakaseomyces_glabratus,Pdr1_Q6FXU7,810,D,H,Echinocandin
Nakaseomyces_glabratus,Pdr1_Q6FXU7,810,D,H,Fluconazole
Nakaseomyces_glabratus,Pdr1_Q6FXU7,816,T,A,Echinocandin
Nakaseomyces_glabratus,Pdr1_Q6FXU7,816,T,A,Fluconazole
Nakaseomyces_glabratus,Pdr1_Q6FXU7,817,F,S,5-fluorocytosine
Nakaseomyces_glabratus,Pdr1_Q6FXU7,817,F,S,Amphotericin B
Nakaseomyces_glabratus,Pdr1_Q6FXU7,817,F,S,Caspofungin
Nakaseomyces_glabratus,Pdr1_Q6FXU7,817,F,S,Fluconazole
Nakaseomyces_glabratus,Pdr1_Q6FXU7,817,F,S,Itraconazole
Nakaseomyces_glabratus,Pdr1_Q6FXU7,817,F,S,Micafungin
Nakaseomyces_glabratus,Pdr1_Q6FXU7,817,F,S,Voriconazole
Nakaseomyces_glabratus,Pdr1_Q6FXU7,818,E,G,Fluconazole
Nakaseomyces_glabratus,Pdr1_Q6FXU7,818,E,K,Fluconazole
Nakaseomyces_glabratus,Pdr1_Q6FXU7,818,E,K,Itraconazole
Nakaseomyces_glabratus,Pdr1_Q6FXU7,822,P,L,Fluconazole
Nakaseomyces_glabratus,Pdr1_Q6FXU7,825,L,P,Echinocandin
Nakaseomyces_glabratus,Pdr1_Q6FXU7,825,L,P,Fluconazole
Nakaseomyces_glabratus,Pdr1_Q6FXU7,825,L,P,Various
Nakaseomyces_glabratus,Pdr1_Q6FXU7,831,T,N,Echinocandin
Nakaseomyces_glabratus,Pdr1_Q6FXU7,831,T,N,Fluconazole
Nakaseomyces_glabratus,Pdr1_Q6FXU7,832,F,L,Fluconazole
Nakaseomyces_glabratus,Pdr1_Q6FXU7,833,L,V,Fluconazole
Nakaseomyces_glabratus,Pdr1_Q6FXU7,848,A,V,Fluconazole
Nakaseomyces_glabratus,Pdr1_Q6FXU7,853,F,S,Fluconazole
Nakaseomyces_glabratus,Pdr1_Q6FXU7,855,N,I,Echinocandin
Nakaseomyces_glabratus,Pdr1_Q6FXU7,855,N,I,Fluconazole
Nakaseomyces_glabratus,Pdr1_Q6FXU7,859,F,L,Fluconazole
Nakaseomyces_glabratus,Pdr1_Q6FXU7,860,L,F,Fluconazole
Nakaseomyces_glabratus,Pdr1_Q6FXU7,869,A,P,Fluconazole
Nakaseomyces_glabratus,Pdr1_Q6FXU7,876,D,G,Fluconazole
Nakaseomyces_glabratus,Pdr1_Q6FXU7,876,D,N,Fluconazole
Nakaseomyces_glabratus,Pdr1_Q6FXU7,876,D,Y,Fluconazole
Nakaseomyces_glabratus,Pdr1_Q6FXU7,876,D,Y,Isavuconazole
Nakaseomyces_glabratus,Pdr1_Q6FXU7,876,D,Y,Itraconazole
Nakaseomyces_glabratus,Pdr1_Q6FXU7,876,D,Y,Posaconazole
Nakaseomyces_glabratus,Pdr1_Q6FXU7,876,D,Y,Voriconazole
Nakaseomyces_glabratus,Pdr1_Q6FXU7,885,T,A,Fluconazole
Nakaseomyces_glabratus,Pdr1_Q6FXU7,885,T,K,Echinocandin
Nakaseomyces_glabratus,Pdr1_Q6FXU7,885,T,K,Fluconazole
Nakaseomyces_glabratus,Pdr1_Q6FXU7,890,L,F,Fluconazole
Nakaseomyces_glabratus,Pdr1_Q6FXU7,91,V,I,Amphotericin B
Nakaseomyces_glabratus,Pdr1_Q6FXU7,91,V,I,Anidulafungin
Nakaseomyces_glabratus,Pdr1_Q6FXU7,91,V,I,Caspofungin
Nakaseomyces_glabratus,Pdr1_Q6FXU7,91,V,I,Fluconazole
Nakaseomyces_glabratus,Pdr1_Q6FXU7,91,V,I,Itraconazole
Nakaseomyces_glabratus,Pdr1_Q6FXU7,91,V,I,Micafungin
Nakaseomyces_glabratus,Pdr1_Q6FXU7,91,V,I,Posaconazole
Nakaseomyces_glabratus,Pdr1_Q6FXU7,91,V,I,Various
Nakaseomyces_glabratus,Pdr1_Q6FXU7,91,V,I,Voriconazole
Nakaseomyces_glabratus,Pdr1_Q6FXU7,915,P,R,Fluconazole
Nakaseomyces_glabratus,Pdr1_Q6FXU7,915,P,R,Itraconazole
Nakaseomyces_glabratus,Pdr1_Q6FXU7,915,P,R,Voriconazole
Nakaseomyces_glabratus,Pdr1_Q6FXU7,919,D,Y,Fluconazole
Nakaseomyces_glabratus,Pdr1_Q6FXU7,927,P,L,Fluconazole
Nakaseomyces_glabratus,Pdr1_Q6FXU7,927,P,L,Itraconazole
Nakaseomyces_glabratus,Pdr1_Q6FXU7,927,P,R,Amphotericin B
Nakaseomyces_glabratus,Pdr1_Q6FXU7,927,P,R,Anidulafungin
Nakaseomyces_glabratus,Pdr1_Q6FXU7,927,P,R,Fluconazole
Nakaseomyces_glabratus,Pdr1_Q6FXU7,927,P,R,Itraconazole
Nakaseomyces_glabratus,Pdr1_Q6FXU7,927,P,R,Micafungin
Nakaseomyces_glabratus,Pdr1_Q6FXU7,927,P,R,Voriconazole
Nakaseomyces_glabratus,Pdr1_Q6FXU7,927,P,S,Echinocandin
Nakaseomyces_glabratus,Pdr1_Q6FXU7,927,P,S,Fluconazole
Nakaseomyces_glabratus,Pdr1_Q6FXU7,927,P,S,Itraconazole
Nakaseomyces_glabratus,Pdr1_Q6FXU7,927,P,S,Voriconazole
Nakaseomyces_glabratus,Pdr1_Q6FXU7,928,N,T,Amphotericin B
Nakaseomyces_glabratus,Pdr1_Q6FXU7,928,N,T,Caspofungin
Nakaseomyces_glabratus,Pdr1_Q6FXU7,928,N,T,Fluconazole
Nakaseomyces_glabratus,Pdr1_Q6FXU7,928,N,T,Posaconazole
Nakaseomyces_glabratus,Pdr1_Q6FXU7,928,N,T,Voriconazole
Nakaseomyces_glabratus,Pdr1_Q6FXU7,932,Y,C,Fluconazole
Nakaseomyces_glabratus,Pdr1_Q6FXU7,935,L,F,Fluconazole
Nakaseomyces_glabratus,Pdr1_Q6FXU7,942,S,F,Fluconazole
Nakaseomyces_glabratus,Pdr1_Q6FXU7,942,S,P,Fluconazole
Nakaseomyces_glabratus,Pdr1_Q6FXU7,943,G,C,Fluconazole
Nakaseomyces_glabratus,Pdr1_Q6FXU7,943,G,D,Amphotericin B
Nakaseomyces_glabratus,Pdr1_Q6FXU7,943,G,D,Caspofungin
Nakaseomyces_glabratus,Pdr1_Q6FXU7,943,G,D,Echinocandin
Nakaseomyces_glabratus,Pdr1_Q6FXU7,943,G,D,Fluconazole
Nakaseomyces_glabratus,Pdr1_Q6FXU7,943,G,D,Posaconazole
Nakaseomyces_glabratus,Pdr1_Q6FXU7,943,G,D,Voriconazole
Nakaseomyces_glabratus,Pdr1_Q6FXU7,943,G,S,Echinocandin
Nakaseomyces_glabratus,Pdr1_Q6FXU7,943,G,S,Fluconazole
Nakaseomyces_glabratus,Pdr1_Q6FXU7,946,L,S,Fluconazole
Nakaseomyces_glabratus,Pdr1_Q6FXU7,947,S,L,Fluconazole
Nakaseomyces_glabratus,Pdr1_Q6FXU7,948,F,I,Fluconazole
Nakaseomyces_glabratus,Pdr1_Q6FXU7,954,D,E,Fluconazole
Nakaseomyces_glabratus,Pdr1_Q6FXU7,954,D,N,Fluconazole
Nakaseomyces_glabratus,Pdr1_Q6FXU7,957,M,I,Fluconazole
Nakaseomyces_glabratus,Pdr1_Q6FXU7,98,L,S,Amphotericin B
Nakaseomyces_glabratus,Pdr1_Q6FXU7,98,L,S,Anidulafungin
Nakaseomyces_glabratus,Pdr1_Q6FXU7,98,L,S,Caspofungin
Nakaseomyces_glabratus,Pdr1_Q6FXU7,98,L,S,Fluconazole
Nakaseomyces_glabratus,Pdr1_Q6FXU7,98,L,S,Itraconazole
Nakaseomyces_glabratus,Pdr1_Q6FXU7,98,L,S,Micafungin
Nakaseomyces_glabratus,Pdr1_Q6FXU7,98,L,S,Posaconazole
Nakaseomyces_glabratus,Pdr1_Q6FXU7,98,L,S,Various
Nakaseomyces_glabratus,Pdr1_Q6FXU7,98,L,S,Voriconazole
Nakaseomyces_glabratus,Qdr2_Q6FSQ7,199,T,M,Various
Nakaseomyces_glabratus,Sui2_Q6FXR0,121,I,M,Caspofungin
Nakaseomyces_glabratus,Tbc_Q6FNW3,1161,A,V,Caspofungin
